-- phpMyAdmin SQL Dump
-- version 5.2.1
-- https://www.phpmyadmin.net/
--
-- ホスト: 127.0.0.1
-- 生成日時: 2026-02-06 16:19:56
-- サーバのバージョン： 10.4.32-MariaDB
-- PHP のバージョン: 8.2.12

SET SQL_MODE = "NO_AUTO_VALUE_ON_ZERO";
START TRANSACTION;
SET time_zone = "+00:00";


/*!40101 SET @OLD_CHARACTER_SET_CLIENT=@@CHARACTER_SET_CLIENT */;
/*!40101 SET @OLD_CHARACTER_SET_RESULTS=@@CHARACTER_SET_RESULTS */;
/*!40101 SET @OLD_COLLATION_CONNECTION=@@COLLATION_CONNECTION */;
/*!40101 SET NAMES utf8mb4 */;

--
-- データベース: `pshift`
--

-- --------------------------------------------------------

--
-- テーブルの構造 `cache`
--

CREATE TABLE `cache` (
  `key` varchar(255) NOT NULL,
  `value` mediumtext NOT NULL,
  `expiration` int(11) NOT NULL
) ENGINE=InnoDB DEFAULT CHARSET=utf8mb4 COLLATE=utf8mb4_unicode_ci;

-- --------------------------------------------------------

--
-- テーブルの構造 `cache_locks`
--

CREATE TABLE `cache_locks` (
  `key` varchar(255) NOT NULL,
  `owner` varchar(255) NOT NULL,
  `expiration` int(11) NOT NULL
) ENGINE=InnoDB DEFAULT CHARSET=utf8mb4 COLLATE=utf8mb4_unicode_ci;

-- --------------------------------------------------------

--
-- テーブルの構造 `chats`
--

CREATE TABLE `chats` (
  `id` bigint(20) UNSIGNED NOT NULL,
  `user_id` bigint(20) UNSIGNED NOT NULL,
  `message` text NOT NULL,
  `created_at` timestamp NULL DEFAULT NULL,
  `updated_at` timestamp NULL DEFAULT NULL
) ENGINE=InnoDB DEFAULT CHARSET=utf8mb4 COLLATE=utf8mb4_unicode_ci;

--
-- テーブルのデータのダンプ `chats`
--

INSERT INTO `chats` (`id`, `user_id`, `message`, `created_at`, `updated_at`) VALUES
(1, 2, '管理者です\r\nよろしくお願いします', '2025-12-14 06:48:30', '2025-12-14 06:48:30'),
(2, 1, 'アルバイトです\r\nよろしくお願いします', '2025-12-14 06:49:08', '2025-12-14 06:49:08'),
(3, 3, 'アルバイト2です\r\nよろしくお願いします', '2025-12-14 06:49:45', '2025-12-14 06:49:45');

-- --------------------------------------------------------

--
-- テーブルの構造 `companies`
--

CREATE TABLE `companies` (
  `id` bigint(20) UNSIGNED NOT NULL,
  `name` varchar(255) NOT NULL,
  `created_at` timestamp NULL DEFAULT NULL,
  `updated_at` timestamp NULL DEFAULT NULL
) ENGINE=InnoDB DEFAULT CHARSET=utf8mb4 COLLATE=utf8mb4_unicode_ci;

-- --------------------------------------------------------

--
-- テーブルの構造 `company_join_requests`
--

CREATE TABLE `company_join_requests` (
  `id` bigint(20) UNSIGNED NOT NULL,
  `user_id` bigint(20) UNSIGNED NOT NULL,
  `target_company_id` varchar(255) NOT NULL,
  `status` enum('pending','approved','rejected') NOT NULL DEFAULT 'pending',
  `created_at` timestamp NULL DEFAULT NULL,
  `updated_at` timestamp NULL DEFAULT NULL
) ENGINE=InnoDB DEFAULT CHARSET=utf8mb4 COLLATE=utf8mb4_unicode_ci;

-- --------------------------------------------------------

--
-- テーブルの構造 `failed_jobs`
--

CREATE TABLE `failed_jobs` (
  `id` bigint(20) UNSIGNED NOT NULL,
  `uuid` varchar(255) NOT NULL,
  `connection` text NOT NULL,
  `queue` text NOT NULL,
  `payload` longtext NOT NULL,
  `exception` longtext NOT NULL,
  `failed_at` timestamp NOT NULL DEFAULT current_timestamp()
) ENGINE=InnoDB DEFAULT CHARSET=utf8mb4 COLLATE=utf8mb4_unicode_ci;

-- --------------------------------------------------------

--
-- テーブルの構造 `fixed_shifts`
--

CREATE TABLE `fixed_shifts` (
  `id` bigint(20) UNSIGNED NOT NULL,
  `user_id` bigint(20) UNSIGNED NOT NULL,
  `date` date NOT NULL,
  `start_time` time NOT NULL,
  `end_time` time NOT NULL,
  `created_at` timestamp NULL DEFAULT NULL,
  `updated_at` timestamp NULL DEFAULT NULL
) ENGINE=InnoDB DEFAULT CHARSET=utf8mb4 COLLATE=utf8mb4_unicode_ci;

--
-- テーブルのデータのダンプ `fixed_shifts`
--

INSERT INTO `fixed_shifts` (`id`, `user_id`, `date`, `start_time`, `end_time`, `created_at`, `updated_at`) VALUES
(4, 1, '2025-12-01', '12:00:00', '23:00:00', '2025-12-14 06:33:06', '2025-12-14 06:42:46'),
(5, 3, '2025-12-01', '09:00:00', '17:00:00', '2025-12-14 06:33:06', '2025-12-14 06:33:06'),
(6, 4, '2025-12-01', '09:00:00', '17:00:00', '2025-12-14 06:33:06', '2025-12-14 06:33:06'),
(7, 5, '2025-12-01', '09:00:00', '17:00:00', '2025-12-14 06:33:06', '2025-12-14 06:33:06'),
(8, 6, '2025-12-01', '09:00:00', '17:00:00', '2025-12-14 06:33:06', '2025-12-14 06:33:06'),
(9, 7, '2025-12-01', '09:00:00', '17:00:00', '2025-12-14 06:33:06', '2025-12-14 06:33:06'),
(10, 9, '2025-12-01', '09:00:00', '17:00:00', '2025-12-14 06:33:06', '2025-12-14 06:33:06'),
(11, 10, '2025-12-01', '09:00:00', '17:00:00', '2025-12-14 06:33:06', '2025-12-14 06:33:06'),
(12, 11, '2025-12-01', '09:00:00', '17:00:00', '2025-12-14 06:33:06', '2025-12-14 06:33:06'),
(13, 12, '2025-12-01', '09:00:00', '17:00:00', '2025-12-14 06:33:06', '2025-12-14 06:33:06'),
(14, 13, '2025-12-01', '09:00:00', '17:00:00', '2025-12-14 06:33:06', '2025-12-14 06:33:06'),
(15, 14, '2025-12-01', '09:00:00', '17:00:00', '2025-12-14 06:33:06', '2025-12-14 06:33:06'),
(16, 15, '2025-12-01', '09:00:00', '17:00:00', '2025-12-14 06:33:06', '2025-12-14 06:33:06'),
(17, 16, '2025-12-01', '09:00:00', '17:00:00', '2025-12-14 06:33:06', '2025-12-14 06:33:06'),
(18, 1, '2025-12-02', '17:00:00', '21:00:00', '2025-12-14 06:33:06', '2025-12-14 06:33:06'),
(19, 3, '2025-12-02', '13:00:00', '23:00:00', '2025-12-14 06:33:06', '2025-12-14 06:42:05'),
(20, 4, '2025-12-02', '09:00:00', '17:00:00', '2025-12-14 06:33:06', '2025-12-14 06:33:06'),
(21, 5, '2025-12-02', '09:00:00', '17:00:00', '2025-12-14 06:33:06', '2025-12-14 06:33:06'),
(22, 6, '2025-12-02', '09:00:00', '17:00:00', '2025-12-14 06:33:06', '2025-12-14 06:33:06'),
(23, 7, '2025-12-02', '09:00:00', '17:00:00', '2025-12-14 06:33:06', '2025-12-14 06:33:06'),
(24, 9, '2025-12-02', '09:00:00', '17:00:00', '2025-12-14 06:33:06', '2025-12-14 06:33:06'),
(25, 10, '2025-12-02', '09:00:00', '17:00:00', '2025-12-14 06:33:06', '2025-12-14 06:33:06'),
(26, 11, '2025-12-02', '09:00:00', '17:00:00', '2025-12-14 06:33:06', '2025-12-14 06:33:06'),
(27, 12, '2025-12-02', '09:00:00', '17:00:00', '2025-12-14 06:33:06', '2025-12-14 06:33:06'),
(28, 13, '2025-12-02', '09:00:00', '17:00:00', '2025-12-14 06:33:06', '2025-12-14 06:33:06'),
(29, 14, '2025-12-02', '09:00:00', '17:00:00', '2025-12-14 06:33:06', '2025-12-14 06:33:06'),
(30, 15, '2025-12-02', '09:00:00', '17:00:00', '2025-12-14 06:33:06', '2025-12-14 06:33:06'),
(31, 16, '2025-12-02', '09:00:00', '17:00:00', '2025-12-14 06:33:06', '2025-12-14 06:33:06'),
(32, 1, '2025-12-03', '17:00:00', '21:00:00', '2025-12-14 06:33:06', '2025-12-14 06:33:06'),
(33, 3, '2025-12-03', '09:00:00', '17:00:00', '2025-12-14 06:33:06', '2025-12-14 06:33:06'),
(34, 4, '2025-12-03', '09:00:00', '17:00:00', '2025-12-14 06:33:06', '2025-12-14 06:33:06'),
(35, 5, '2025-12-03', '09:00:00', '17:00:00', '2025-12-14 06:33:06', '2025-12-14 06:33:06'),
(36, 6, '2025-12-03', '09:00:00', '17:00:00', '2025-12-14 06:33:06', '2025-12-14 06:33:06'),
(37, 7, '2025-12-03', '09:00:00', '17:00:00', '2025-12-14 06:33:06', '2025-12-14 06:33:06'),
(38, 9, '2025-12-03', '09:00:00', '17:00:00', '2025-12-14 06:33:06', '2025-12-14 06:33:06'),
(39, 10, '2025-12-03', '09:00:00', '17:00:00', '2025-12-14 06:33:06', '2025-12-14 06:33:06'),
(40, 11, '2025-12-03', '09:00:00', '17:00:00', '2025-12-14 06:33:06', '2025-12-14 06:33:06'),
(41, 12, '2025-12-03', '09:00:00', '17:00:00', '2025-12-14 06:33:06', '2025-12-14 06:33:06'),
(42, 13, '2025-12-03', '09:00:00', '17:00:00', '2025-12-14 06:33:06', '2025-12-14 06:33:06'),
(43, 14, '2025-12-03', '09:00:00', '17:00:00', '2025-12-14 06:33:06', '2025-12-14 06:33:06'),
(44, 15, '2025-12-03', '09:00:00', '17:00:00', '2025-12-14 06:33:06', '2025-12-14 06:33:06'),
(45, 16, '2025-12-03', '09:00:00', '17:00:00', '2025-12-14 06:33:06', '2025-12-14 06:33:06'),
(46, 1, '2025-12-04', '17:00:00', '21:00:00', '2025-12-14 06:33:06', '2025-12-14 06:33:06'),
(47, 3, '2025-12-04', '09:00:00', '17:00:00', '2025-12-14 06:33:06', '2025-12-14 06:33:06'),
(48, 4, '2025-12-04', '09:00:00', '17:00:00', '2025-12-14 06:33:06', '2025-12-14 06:33:06'),
(49, 5, '2025-12-04', '09:00:00', '17:00:00', '2025-12-14 06:33:06', '2025-12-14 06:33:06'),
(50, 6, '2025-12-04', '09:00:00', '17:00:00', '2025-12-14 06:33:06', '2025-12-14 06:33:06'),
(51, 7, '2025-12-04', '09:00:00', '17:00:00', '2025-12-14 06:33:06', '2025-12-14 06:33:06'),
(52, 9, '2025-12-04', '09:00:00', '17:00:00', '2025-12-14 06:33:06', '2025-12-14 06:33:06'),
(53, 10, '2025-12-04', '09:00:00', '17:00:00', '2025-12-14 06:33:06', '2025-12-14 06:33:06'),
(54, 11, '2025-12-04', '09:00:00', '17:00:00', '2025-12-14 06:33:06', '2025-12-14 06:33:06'),
(55, 12, '2025-12-04', '09:00:00', '17:00:00', '2025-12-14 06:33:06', '2025-12-14 06:33:06'),
(56, 13, '2025-12-04', '09:00:00', '17:00:00', '2025-12-14 06:33:06', '2025-12-14 06:33:06'),
(57, 14, '2025-12-04', '09:00:00', '17:00:00', '2025-12-14 06:33:06', '2025-12-14 06:33:06'),
(58, 15, '2025-12-04', '09:00:00', '17:00:00', '2025-12-14 06:33:06', '2025-12-14 06:33:06'),
(59, 16, '2025-12-04', '09:00:00', '17:00:00', '2025-12-14 06:33:06', '2025-12-14 06:33:06'),
(60, 1, '2025-12-05', '17:00:00', '21:00:00', '2025-12-14 06:33:06', '2025-12-14 06:33:06'),
(61, 3, '2025-12-05', '09:00:00', '17:00:00', '2025-12-14 06:33:06', '2025-12-14 06:33:06'),
(62, 4, '2025-12-05', '09:00:00', '17:00:00', '2025-12-14 06:33:06', '2025-12-14 06:33:06'),
(63, 5, '2025-12-05', '09:00:00', '17:00:00', '2025-12-14 06:33:06', '2025-12-14 06:33:06'),
(64, 6, '2025-12-05', '09:00:00', '17:00:00', '2025-12-14 06:33:06', '2025-12-14 06:33:06'),
(65, 7, '2025-12-05', '09:00:00', '17:00:00', '2025-12-14 06:33:06', '2025-12-14 06:33:06'),
(66, 9, '2025-12-05', '09:00:00', '17:00:00', '2025-12-14 06:33:06', '2025-12-14 06:33:06'),
(67, 10, '2025-12-05', '09:00:00', '17:00:00', '2025-12-14 06:33:06', '2025-12-14 06:33:06'),
(68, 11, '2025-12-05', '09:00:00', '17:00:00', '2025-12-14 06:33:06', '2025-12-14 06:33:06'),
(69, 12, '2025-12-05', '09:00:00', '17:00:00', '2025-12-14 06:33:06', '2025-12-14 06:33:06'),
(70, 13, '2025-12-05', '09:00:00', '17:00:00', '2025-12-14 06:33:06', '2025-12-14 06:33:06'),
(71, 14, '2025-12-05', '09:00:00', '17:00:00', '2025-12-14 06:33:06', '2025-12-14 06:33:06'),
(72, 15, '2025-12-05', '09:00:00', '17:00:00', '2025-12-14 06:33:06', '2025-12-14 06:33:06'),
(73, 16, '2025-12-05', '09:00:00', '17:00:00', '2025-12-14 06:33:06', '2025-12-14 06:33:06'),
(74, 1, '2025-12-06', '17:00:00', '21:00:00', '2025-12-14 06:33:06', '2025-12-14 06:33:06'),
(75, 3, '2025-12-06', '10:00:00', '18:00:00', '2025-12-14 06:33:06', '2025-12-14 06:33:06'),
(76, 4, '2025-12-06', '10:00:00', '18:00:00', '2025-12-14 06:33:06', '2025-12-14 06:33:06'),
(77, 5, '2025-12-06', '10:00:00', '18:00:00', '2025-12-14 06:33:06', '2025-12-14 06:33:06'),
(78, 6, '2025-12-06', '10:00:00', '18:00:00', '2025-12-14 06:33:06', '2025-12-14 06:33:06'),
(79, 7, '2025-12-06', '10:00:00', '18:00:00', '2025-12-14 06:33:06', '2025-12-14 06:33:06'),
(80, 9, '2025-12-06', '10:00:00', '18:00:00', '2025-12-14 06:33:06', '2025-12-14 06:33:06'),
(81, 10, '2025-12-06', '10:00:00', '18:00:00', '2025-12-14 06:33:06', '2025-12-14 06:33:06'),
(82, 11, '2025-12-06', '10:00:00', '18:00:00', '2025-12-14 06:33:06', '2025-12-14 06:33:06'),
(83, 12, '2025-12-06', '10:00:00', '18:00:00', '2025-12-14 06:33:06', '2025-12-14 06:33:06'),
(84, 13, '2025-12-06', '10:00:00', '18:00:00', '2025-12-14 06:33:06', '2025-12-14 06:33:06'),
(85, 14, '2025-12-06', '10:00:00', '18:00:00', '2025-12-14 06:33:06', '2025-12-14 06:33:06'),
(86, 15, '2025-12-06', '10:00:00', '18:00:00', '2025-12-14 06:33:06', '2025-12-14 06:33:06'),
(87, 16, '2025-12-06', '10:00:00', '18:00:00', '2025-12-14 06:33:06', '2025-12-14 06:33:06'),
(88, 1, '2025-12-07', '17:00:00', '21:00:00', '2025-12-14 06:33:06', '2025-12-14 06:33:06'),
(89, 3, '2025-12-07', '10:00:00', '18:00:00', '2025-12-14 06:33:06', '2025-12-14 06:33:06'),
(90, 4, '2025-12-07', '10:00:00', '18:00:00', '2025-12-14 06:33:06', '2025-12-14 06:33:06'),
(91, 1, '2025-12-08', '17:00:00', '21:00:00', '2025-12-14 06:33:06', '2025-12-14 06:33:06'),
(92, 3, '2025-12-08', '09:00:00', '17:00:00', '2025-12-14 06:33:06', '2025-12-14 06:33:06'),
(93, 4, '2025-12-08', '09:00:00', '17:00:00', '2025-12-14 06:33:06', '2025-12-14 06:33:06'),
(94, 1, '2025-12-09', '17:00:00', '21:00:00', '2025-12-14 06:33:06', '2025-12-14 06:33:06'),
(95, 3, '2025-12-09', '09:00:00', '17:00:00', '2025-12-14 06:33:06', '2025-12-14 06:33:06'),
(96, 4, '2025-12-09', '09:00:00', '17:00:00', '2025-12-14 06:33:06', '2025-12-14 06:33:06'),
(97, 1, '2025-12-10', '17:00:00', '21:00:00', '2025-12-14 06:33:06', '2025-12-14 06:33:06'),
(98, 3, '2025-12-10', '09:00:00', '17:00:00', '2025-12-14 06:33:06', '2025-12-14 06:33:06'),
(99, 4, '2025-12-10', '09:00:00', '17:00:00', '2025-12-14 06:33:06', '2025-12-14 06:33:06'),
(100, 1, '2025-12-11', '17:00:00', '21:00:00', '2025-12-14 06:33:06', '2025-12-14 06:33:06'),
(101, 3, '2025-12-11', '09:00:00', '17:00:00', '2025-12-14 06:33:06', '2025-12-14 06:33:06'),
(102, 4, '2025-12-11', '09:00:00', '17:00:00', '2025-12-14 06:33:06', '2025-12-14 06:33:06'),
(103, 1, '2025-12-12', '17:00:00', '21:00:00', '2025-12-14 06:33:06', '2025-12-14 06:33:06'),
(104, 3, '2025-12-12', '09:00:00', '17:00:00', '2025-12-14 06:33:06', '2025-12-14 06:33:06'),
(105, 4, '2025-12-12', '09:00:00', '17:00:00', '2025-12-14 06:33:06', '2025-12-14 06:33:06'),
(106, 1, '2025-12-13', '17:00:00', '21:00:00', '2025-12-14 06:33:06', '2025-12-14 06:33:06'),
(107, 3, '2025-12-13', '10:00:00', '18:00:00', '2025-12-14 06:33:06', '2025-12-14 06:33:06'),
(108, 4, '2025-12-13', '10:00:00', '18:00:00', '2025-12-14 06:33:06', '2025-12-14 06:33:06'),
(109, 1, '2025-12-14', '17:00:00', '21:00:00', '2025-12-14 06:33:06', '2025-12-14 06:33:06'),
(110, 3, '2025-12-14', '10:00:00', '18:00:00', '2025-12-14 06:33:06', '2025-12-14 06:33:06'),
(111, 4, '2025-12-14', '10:00:00', '18:00:00', '2025-12-14 06:33:06', '2025-12-14 06:33:06'),
(112, 1, '2025-12-15', '17:00:00', '21:00:00', '2025-12-14 06:33:06', '2025-12-14 06:33:06'),
(113, 3, '2025-12-15', '09:00:00', '17:00:00', '2025-12-14 06:33:06', '2025-12-14 06:33:06'),
(114, 4, '2025-12-15', '09:00:00', '17:00:00', '2025-12-14 06:33:06', '2025-12-14 06:33:06'),
(115, 1, '2025-12-16', '17:00:00', '21:00:00', '2025-12-14 06:33:06', '2025-12-14 06:33:06'),
(116, 3, '2025-12-16', '09:00:00', '17:00:00', '2025-12-14 06:33:06', '2025-12-14 06:33:06'),
(117, 4, '2025-12-16', '09:00:00', '17:00:00', '2025-12-14 06:33:06', '2025-12-14 06:33:06'),
(118, 1, '2025-12-17', '17:00:00', '21:00:00', '2025-12-14 06:33:06', '2025-12-14 06:33:06'),
(119, 3, '2025-12-17', '09:00:00', '17:00:00', '2025-12-14 06:33:06', '2025-12-14 06:33:06'),
(120, 4, '2025-12-17', '09:00:00', '17:00:00', '2025-12-14 06:33:06', '2025-12-14 06:33:06'),
(121, 1, '2025-12-18', '17:00:00', '21:00:00', '2025-12-14 06:33:06', '2025-12-14 06:33:06'),
(122, 3, '2025-12-18', '09:00:00', '17:00:00', '2025-12-14 06:33:06', '2025-12-14 06:33:06'),
(123, 4, '2025-12-18', '09:00:00', '17:00:00', '2025-12-14 06:33:06', '2025-12-14 06:33:06'),
(124, 1, '2025-12-19', '17:00:00', '21:00:00', '2025-12-14 06:33:06', '2025-12-14 06:33:06'),
(125, 3, '2025-12-19', '09:00:00', '17:00:00', '2025-12-14 06:33:06', '2025-12-14 06:33:06'),
(126, 4, '2025-12-19', '09:00:00', '17:00:00', '2025-12-14 06:33:06', '2025-12-14 06:33:06'),
(127, 1, '2025-12-20', '17:00:00', '21:00:00', '2025-12-14 06:33:06', '2025-12-14 06:33:06'),
(128, 3, '2025-12-20', '10:00:00', '18:00:00', '2025-12-14 06:33:06', '2025-12-14 06:33:06'),
(129, 4, '2025-12-20', '10:00:00', '18:00:00', '2025-12-14 06:33:06', '2025-12-14 06:33:06'),
(130, 1, '2025-12-21', '17:00:00', '21:00:00', '2025-12-14 06:33:06', '2025-12-14 06:33:06'),
(131, 3, '2025-12-21', '10:00:00', '18:00:00', '2025-12-14 06:33:06', '2025-12-14 06:33:06'),
(132, 4, '2025-12-21', '10:00:00', '18:00:00', '2025-12-14 06:33:06', '2025-12-14 06:33:06'),
(133, 1, '2025-12-22', '17:00:00', '21:00:00', '2025-12-14 06:33:06', '2025-12-14 06:33:06'),
(134, 3, '2025-12-22', '09:00:00', '17:00:00', '2025-12-14 06:33:06', '2025-12-14 06:33:06'),
(135, 4, '2025-12-22', '09:00:00', '17:00:00', '2025-12-14 06:33:06', '2025-12-14 06:33:06'),
(136, 1, '2025-12-23', '17:00:00', '21:00:00', '2025-12-14 06:33:06', '2025-12-14 06:33:06'),
(137, 3, '2025-12-23', '09:00:00', '17:00:00', '2025-12-14 06:33:06', '2025-12-14 06:33:06'),
(138, 4, '2025-12-23', '09:00:00', '17:00:00', '2025-12-14 06:33:06', '2025-12-14 06:33:06'),
(139, 1, '2025-12-24', '17:00:00', '21:00:00', '2025-12-14 06:33:06', '2025-12-14 06:33:06'),
(140, 3, '2025-12-24', '09:00:00', '17:00:00', '2025-12-14 06:33:07', '2025-12-14 06:33:07'),
(141, 4, '2025-12-24', '09:00:00', '17:00:00', '2025-12-14 06:33:07', '2025-12-14 06:33:07'),
(142, 1, '2025-12-25', '17:00:00', '21:00:00', '2025-12-14 06:33:07', '2025-12-14 06:33:07'),
(143, 3, '2025-12-25', '09:00:00', '17:00:00', '2025-12-14 06:33:07', '2025-12-14 06:33:07'),
(144, 4, '2025-12-25', '09:00:00', '17:00:00', '2025-12-14 06:33:07', '2025-12-14 06:33:07'),
(145, 1, '2025-12-26', '17:00:00', '21:00:00', '2025-12-14 06:33:07', '2025-12-14 06:33:07'),
(146, 3, '2025-12-26', '09:00:00', '17:00:00', '2025-12-14 06:33:07', '2025-12-14 06:33:07'),
(147, 4, '2025-12-26', '09:00:00', '17:00:00', '2025-12-14 06:33:07', '2025-12-14 06:33:07'),
(148, 1, '2025-12-27', '17:00:00', '21:00:00', '2025-12-14 06:33:07', '2025-12-14 06:33:07'),
(149, 3, '2025-12-27', '10:00:00', '18:00:00', '2025-12-14 06:33:07', '2025-12-14 06:33:07'),
(150, 4, '2025-12-27', '10:00:00', '18:00:00', '2025-12-14 06:33:07', '2025-12-14 06:33:07'),
(151, 1, '2025-12-28', '17:00:00', '21:00:00', '2025-12-14 06:33:07', '2025-12-14 06:33:07'),
(152, 3, '2025-12-28', '10:00:00', '18:00:00', '2025-12-14 06:33:07', '2025-12-14 06:33:07'),
(153, 4, '2025-12-28', '10:00:00', '18:00:00', '2025-12-14 06:33:07', '2025-12-14 06:33:07'),
(154, 1, '2025-12-29', '17:00:00', '21:00:00', '2025-12-14 06:33:07', '2025-12-14 06:33:07'),
(155, 3, '2025-12-29', '09:00:00', '17:00:00', '2025-12-14 06:33:07', '2025-12-14 06:33:07'),
(156, 4, '2025-12-29', '09:00:00', '17:00:00', '2025-12-14 06:33:07', '2025-12-14 06:33:07'),
(157, 1, '2025-12-30', '17:00:00', '21:00:00', '2025-12-14 06:33:07', '2025-12-14 06:33:07'),
(158, 3, '2025-12-30', '09:00:00', '17:00:00', '2025-12-14 06:33:07', '2025-12-14 06:33:07'),
(159, 4, '2025-12-30', '09:00:00', '17:00:00', '2025-12-14 06:33:07', '2025-12-14 06:33:07'),
(160, 1, '2025-12-31', '17:00:00', '21:00:00', '2025-12-14 06:33:07', '2025-12-14 06:33:07'),
(161, 3, '2025-12-31', '09:00:00', '17:00:00', '2025-12-14 06:33:07', '2025-12-14 06:33:07'),
(162, 4, '2025-12-31', '09:00:00', '17:00:00', '2025-12-14 06:33:07', '2025-12-14 06:33:07'),
(163, 1, '2026-01-01', '09:00:00', '17:00:00', '2025-12-14 17:56:36', '2025-12-14 17:56:36'),
(164, 3, '2026-01-01', '09:00:00', '17:00:00', '2025-12-14 17:56:36', '2025-12-14 17:56:36'),
(165, 4, '2026-01-01', '09:00:00', '17:00:00', '2025-12-14 17:56:36', '2025-12-14 17:56:36'),
(166, 1, '2026-01-02', '09:00:00', '17:00:00', '2025-12-14 17:56:36', '2025-12-14 17:56:36'),
(167, 3, '2026-01-02', '09:00:00', '17:00:00', '2025-12-14 17:56:36', '2025-12-14 17:56:36'),
(168, 4, '2026-01-02', '09:00:00', '17:00:00', '2025-12-14 17:56:36', '2025-12-14 17:56:36'),
(169, 1, '2026-01-03', '09:00:00', '17:00:00', '2025-12-14 17:56:36', '2025-12-14 17:56:36'),
(170, 3, '2026-01-03', '10:00:00', '18:00:00', '2025-12-14 17:56:36', '2025-12-14 17:56:36'),
(171, 4, '2026-01-03', '10:00:00', '18:00:00', '2025-12-14 17:56:36', '2025-12-14 17:56:36'),
(172, 1, '2026-01-04', '09:00:00', '17:00:00', '2025-12-14 17:56:36', '2025-12-14 17:56:36'),
(173, 3, '2026-01-04', '10:00:00', '18:00:00', '2025-12-14 17:56:36', '2025-12-14 17:56:36'),
(174, 4, '2026-01-04', '10:00:00', '18:00:00', '2025-12-14 17:56:36', '2025-12-14 17:56:36'),
(175, 1, '2026-01-05', '09:00:00', '17:00:00', '2025-12-14 17:56:36', '2025-12-14 17:56:36'),
(176, 3, '2026-01-05', '09:00:00', '17:00:00', '2025-12-14 17:56:36', '2025-12-14 17:56:36'),
(177, 4, '2026-01-05', '09:00:00', '17:00:00', '2025-12-14 17:56:36', '2025-12-14 17:56:36'),
(178, 1, '2026-01-06', '09:00:00', '17:00:00', '2025-12-14 17:56:36', '2025-12-14 17:56:36'),
(179, 3, '2026-01-06', '09:00:00', '17:00:00', '2025-12-14 17:56:36', '2025-12-14 17:56:36'),
(180, 4, '2026-01-06', '09:00:00', '17:00:00', '2025-12-14 17:56:36', '2025-12-14 17:56:36'),
(181, 1, '2026-01-07', '09:00:00', '17:00:00', '2025-12-14 17:56:36', '2025-12-14 17:56:36'),
(182, 3, '2026-01-07', '09:00:00', '17:00:00', '2025-12-14 17:56:36', '2025-12-14 17:56:36'),
(183, 4, '2026-01-07', '09:00:00', '17:00:00', '2025-12-14 17:56:36', '2025-12-14 17:56:36'),
(184, 1, '2026-01-08', '09:00:00', '17:00:00', '2025-12-14 17:56:36', '2025-12-14 17:56:36'),
(185, 3, '2026-01-08', '09:00:00', '17:00:00', '2025-12-14 17:56:36', '2025-12-14 17:56:36'),
(186, 4, '2026-01-08', '09:00:00', '17:00:00', '2025-12-14 17:56:36', '2025-12-14 17:56:36'),
(187, 1, '2026-01-09', '09:00:00', '17:00:00', '2025-12-14 17:56:36', '2025-12-14 17:56:36'),
(188, 3, '2026-01-09', '09:00:00', '17:00:00', '2025-12-14 17:56:36', '2025-12-14 17:56:36'),
(189, 4, '2026-01-09', '09:00:00', '17:00:00', '2025-12-14 17:56:36', '2025-12-14 17:56:36'),
(190, 1, '2026-01-10', '09:00:00', '17:00:00', '2025-12-14 17:56:36', '2025-12-14 17:56:36'),
(191, 3, '2026-01-10', '10:00:00', '18:00:00', '2025-12-14 17:56:36', '2025-12-14 17:56:36'),
(192, 4, '2026-01-10', '10:00:00', '18:00:00', '2025-12-14 17:56:36', '2025-12-14 17:56:36'),
(193, 1, '2026-01-11', '09:00:00', '17:00:00', '2025-12-14 17:56:36', '2025-12-14 17:56:36'),
(194, 3, '2026-01-11', '10:00:00', '18:00:00', '2025-12-14 17:56:36', '2025-12-14 17:56:36'),
(195, 4, '2026-01-11', '10:00:00', '18:00:00', '2025-12-14 17:56:36', '2025-12-14 17:56:36'),
(196, 1, '2026-01-12', '09:00:00', '17:00:00', '2025-12-14 17:56:36', '2025-12-14 17:56:36'),
(197, 3, '2026-01-12', '09:00:00', '17:00:00', '2025-12-14 17:56:36', '2025-12-14 17:56:36'),
(198, 4, '2026-01-12', '09:00:00', '17:00:00', '2025-12-14 17:56:36', '2025-12-14 17:56:36'),
(199, 1, '2026-01-13', '09:00:00', '17:00:00', '2025-12-14 17:56:36', '2025-12-14 17:56:36'),
(200, 3, '2026-01-13', '09:00:00', '17:00:00', '2025-12-14 17:56:36', '2025-12-14 17:56:36'),
(201, 4, '2026-01-13', '09:00:00', '17:00:00', '2025-12-14 17:56:36', '2025-12-14 17:56:36'),
(202, 1, '2026-01-14', '09:00:00', '17:00:00', '2025-12-14 17:56:36', '2025-12-14 17:56:36'),
(203, 3, '2026-01-14', '09:00:00', '17:00:00', '2025-12-14 17:56:37', '2025-12-14 17:56:37'),
(204, 4, '2026-01-14', '09:00:00', '17:00:00', '2025-12-14 17:56:37', '2025-12-14 17:56:37'),
(205, 1, '2026-01-15', '09:00:00', '17:00:00', '2025-12-14 17:56:37', '2025-12-14 17:56:37'),
(206, 3, '2026-01-15', '09:00:00', '17:00:00', '2025-12-14 17:56:37', '2025-12-14 17:56:37'),
(207, 4, '2026-01-15', '09:00:00', '17:00:00', '2025-12-14 17:56:37', '2025-12-14 17:56:37'),
(208, 1, '2026-01-16', '09:00:00', '17:00:00', '2025-12-14 17:56:37', '2025-12-14 17:56:37'),
(209, 3, '2026-01-16', '09:00:00', '17:00:00', '2025-12-14 17:56:37', '2025-12-14 17:56:37'),
(210, 4, '2026-01-16', '09:00:00', '17:00:00', '2025-12-14 17:56:37', '2025-12-14 17:56:37'),
(211, 1, '2026-01-17', '09:00:00', '17:00:00', '2025-12-14 17:56:37', '2025-12-14 17:56:37'),
(212, 3, '2026-01-17', '10:00:00', '18:00:00', '2025-12-14 17:56:37', '2025-12-14 17:56:37'),
(213, 4, '2026-01-17', '10:00:00', '18:00:00', '2025-12-14 17:56:37', '2025-12-14 17:56:37'),
(214, 1, '2026-01-18', '09:00:00', '17:00:00', '2025-12-14 17:56:37', '2025-12-14 17:56:37'),
(215, 3, '2026-01-18', '10:00:00', '18:00:00', '2025-12-14 17:56:37', '2025-12-14 17:56:37'),
(216, 4, '2026-01-18', '10:00:00', '18:00:00', '2025-12-14 17:56:37', '2025-12-14 17:56:37'),
(217, 1, '2026-01-19', '09:00:00', '17:00:00', '2025-12-14 17:56:37', '2025-12-14 17:56:37'),
(218, 3, '2026-01-19', '09:00:00', '17:00:00', '2025-12-14 17:56:37', '2025-12-14 17:56:37'),
(219, 4, '2026-01-19', '09:00:00', '17:00:00', '2025-12-14 17:56:37', '2025-12-14 17:56:37'),
(220, 1, '2026-01-20', '09:00:00', '17:00:00', '2025-12-14 17:56:37', '2025-12-14 17:56:37'),
(221, 3, '2026-01-20', '09:00:00', '17:00:00', '2025-12-14 17:56:37', '2025-12-14 17:56:37'),
(222, 4, '2026-01-20', '09:00:00', '17:00:00', '2025-12-14 17:56:37', '2025-12-14 17:56:37'),
(223, 1, '2026-01-21', '09:00:00', '17:00:00', '2025-12-14 17:56:37', '2025-12-14 17:56:37'),
(224, 3, '2026-01-21', '09:00:00', '17:00:00', '2025-12-14 17:56:37', '2025-12-14 17:56:37'),
(225, 4, '2026-01-21', '09:00:00', '17:00:00', '2025-12-14 17:56:37', '2025-12-14 17:56:37'),
(226, 1, '2026-01-22', '09:00:00', '17:00:00', '2025-12-14 17:56:37', '2025-12-14 17:56:37'),
(227, 3, '2026-01-22', '09:00:00', '17:00:00', '2025-12-14 17:56:37', '2025-12-14 17:56:37'),
(228, 4, '2026-01-22', '09:00:00', '17:00:00', '2025-12-14 17:56:37', '2025-12-14 17:56:37'),
(229, 1, '2026-01-23', '09:00:00', '17:00:00', '2025-12-14 17:56:37', '2025-12-14 17:56:37'),
(230, 3, '2026-01-23', '09:00:00', '17:00:00', '2025-12-14 17:56:37', '2025-12-14 17:56:37'),
(231, 4, '2026-01-23', '09:00:00', '17:00:00', '2025-12-14 17:56:37', '2025-12-14 17:56:37'),
(232, 1, '2026-01-24', '09:00:00', '17:00:00', '2025-12-14 17:56:37', '2025-12-14 17:56:37'),
(233, 3, '2026-01-24', '10:00:00', '18:00:00', '2025-12-14 17:56:37', '2025-12-14 17:56:37'),
(234, 4, '2026-01-24', '10:00:00', '18:00:00', '2025-12-14 17:56:37', '2025-12-14 17:56:37'),
(235, 1, '2026-01-25', '09:00:00', '17:00:00', '2025-12-14 17:56:37', '2025-12-14 17:56:37'),
(236, 3, '2026-01-25', '10:00:00', '18:00:00', '2025-12-14 17:56:37', '2025-12-14 17:56:37'),
(237, 4, '2026-01-25', '10:00:00', '18:00:00', '2025-12-14 17:56:37', '2025-12-14 17:56:37'),
(238, 1, '2026-01-26', '09:00:00', '17:00:00', '2025-12-14 17:56:37', '2025-12-14 17:56:37'),
(239, 3, '2026-01-26', '09:00:00', '17:00:00', '2025-12-14 17:56:37', '2025-12-14 17:56:37'),
(240, 4, '2026-01-26', '09:00:00', '17:00:00', '2025-12-14 17:56:37', '2025-12-14 17:56:37'),
(241, 1, '2026-01-27', '09:00:00', '17:00:00', '2025-12-14 17:56:37', '2025-12-14 17:56:37'),
(242, 3, '2026-01-27', '09:00:00', '17:00:00', '2025-12-14 17:56:37', '2025-12-14 17:56:37'),
(243, 4, '2026-01-27', '09:00:00', '17:00:00', '2025-12-14 17:56:37', '2025-12-14 17:56:37'),
(244, 1, '2026-01-28', '09:00:00', '17:00:00', '2025-12-14 17:56:37', '2025-12-14 17:56:37'),
(245, 3, '2026-01-28', '09:00:00', '17:00:00', '2025-12-14 17:56:37', '2025-12-14 17:56:37'),
(246, 4, '2026-01-28', '09:00:00', '17:00:00', '2025-12-14 17:56:37', '2025-12-14 17:56:37'),
(247, 1, '2026-01-29', '09:00:00', '17:00:00', '2025-12-14 17:56:37', '2025-12-14 17:56:37'),
(248, 3, '2026-01-29', '09:00:00', '17:00:00', '2025-12-14 17:56:37', '2025-12-14 17:56:37'),
(249, 4, '2026-01-29', '09:00:00', '17:00:00', '2025-12-14 17:56:37', '2025-12-14 17:56:37'),
(250, 1, '2026-01-30', '09:00:00', '17:00:00', '2025-12-14 17:56:37', '2025-12-14 17:56:37'),
(251, 3, '2026-01-30', '09:00:00', '17:00:00', '2025-12-14 17:56:37', '2025-12-14 17:56:37'),
(252, 4, '2026-01-30', '09:00:00', '17:00:00', '2025-12-14 17:56:37', '2025-12-14 17:56:37'),
(253, 1, '2026-01-31', '09:00:00', '17:00:00', '2025-12-14 17:56:37', '2025-12-14 17:56:37'),
(254, 3, '2026-01-31', '10:00:00', '18:00:00', '2025-12-14 17:56:37', '2025-12-14 17:56:37'),
(255, 4, '2026-01-31', '10:00:00', '18:00:00', '2025-12-14 17:56:37', '2025-12-14 17:56:37'),
(256, 1, '2026-02-01', '10:00:00', '18:00:00', '2025-12-14 17:56:44', '2025-12-14 17:56:44'),
(257, 1, '2026-02-02', '09:00:00', '17:00:00', '2025-12-14 17:56:44', '2025-12-14 17:56:44'),
(258, 1, '2026-02-03', '09:00:00', '17:00:00', '2025-12-14 17:56:44', '2025-12-14 17:56:44'),
(259, 1, '2026-02-04', '09:00:00', '17:00:00', '2025-12-14 17:56:44', '2025-12-14 17:56:44'),
(260, 1, '2026-02-05', '09:00:00', '17:00:00', '2025-12-14 17:56:44', '2025-12-14 17:56:44'),
(261, 1, '2026-02-06', '09:00:00', '17:00:00', '2025-12-14 17:56:44', '2025-12-14 17:56:44'),
(262, 1, '2026-02-07', '10:00:00', '18:00:00', '2025-12-14 17:56:44', '2025-12-14 17:56:44'),
(263, 1, '2026-02-08', '10:00:00', '18:00:00', '2025-12-14 17:56:44', '2025-12-14 17:56:44'),
(264, 1, '2026-02-09', '09:00:00', '17:00:00', '2025-12-14 17:56:44', '2025-12-14 17:56:44'),
(265, 1, '2026-02-10', '09:00:00', '17:00:00', '2025-12-14 17:56:44', '2025-12-14 17:56:44'),
(266, 1, '2026-02-11', '09:00:00', '17:00:00', '2025-12-14 17:56:44', '2025-12-14 17:56:44'),
(267, 1, '2026-02-12', '09:00:00', '17:00:00', '2025-12-14 17:56:44', '2025-12-14 17:56:44'),
(268, 1, '2026-02-13', '09:00:00', '17:00:00', '2025-12-14 17:56:44', '2025-12-14 17:56:44'),
(269, 1, '2026-02-14', '10:00:00', '18:00:00', '2025-12-14 17:56:44', '2025-12-14 17:56:44'),
(270, 1, '2026-02-15', '10:00:00', '18:00:00', '2025-12-14 17:56:44', '2025-12-14 17:56:44'),
(271, 1, '2026-02-16', '09:00:00', '17:00:00', '2025-12-14 17:56:44', '2025-12-14 17:56:44'),
(272, 1, '2026-02-17', '09:00:00', '17:00:00', '2025-12-14 17:56:44', '2025-12-14 17:56:44'),
(273, 1, '2026-02-18', '09:00:00', '17:00:00', '2025-12-14 17:56:44', '2025-12-14 17:56:44'),
(274, 1, '2026-02-19', '09:00:00', '17:00:00', '2025-12-14 17:56:44', '2025-12-14 17:56:44'),
(275, 1, '2026-02-20', '09:00:00', '17:00:00', '2025-12-14 17:56:44', '2025-12-14 17:56:44'),
(276, 1, '2026-02-21', '10:00:00', '18:00:00', '2025-12-14 17:56:44', '2025-12-14 17:56:44'),
(277, 1, '2026-02-22', '10:00:00', '18:00:00', '2025-12-14 17:56:44', '2025-12-14 17:56:44'),
(278, 1, '2026-02-23', '09:00:00', '17:00:00', '2025-12-14 17:56:44', '2025-12-14 17:56:44'),
(279, 1, '2026-02-24', '09:00:00', '17:00:00', '2025-12-14 17:56:44', '2025-12-14 17:56:44'),
(280, 1, '2026-02-25', '09:00:00', '17:00:00', '2025-12-14 17:56:44', '2025-12-14 17:56:44'),
(281, 1, '2026-02-26', '09:00:00', '17:00:00', '2025-12-14 17:56:44', '2025-12-14 17:56:44'),
(282, 1, '2026-02-27', '09:00:00', '17:00:00', '2025-12-14 17:56:44', '2025-12-14 17:56:44'),
(283, 1, '2026-02-28', '10:00:00', '18:00:00', '2025-12-14 17:56:44', '2025-12-14 17:56:44');

-- --------------------------------------------------------

--
-- テーブルの構造 `jobs`
--

CREATE TABLE `jobs` (
  `id` bigint(20) UNSIGNED NOT NULL,
  `queue` varchar(255) NOT NULL,
  `payload` longtext NOT NULL,
  `attempts` tinyint(3) UNSIGNED NOT NULL,
  `reserved_at` int(10) UNSIGNED DEFAULT NULL,
  `available_at` int(10) UNSIGNED NOT NULL,
  `created_at` int(10) UNSIGNED NOT NULL
) ENGINE=InnoDB DEFAULT CHARSET=utf8mb4 COLLATE=utf8mb4_unicode_ci;

-- --------------------------------------------------------

--
-- テーブルの構造 `job_batches`
--

CREATE TABLE `job_batches` (
  `id` varchar(255) NOT NULL,
  `name` varchar(255) NOT NULL,
  `total_jobs` int(11) NOT NULL,
  `pending_jobs` int(11) NOT NULL,
  `failed_jobs` int(11) NOT NULL,
  `failed_job_ids` longtext NOT NULL,
  `options` mediumtext DEFAULT NULL,
  `cancelled_at` int(11) DEFAULT NULL,
  `created_at` int(11) NOT NULL,
  `finished_at` int(11) DEFAULT NULL
) ENGINE=InnoDB DEFAULT CHARSET=utf8mb4 COLLATE=utf8mb4_unicode_ci;

-- --------------------------------------------------------

--
-- テーブルの構造 `migrations`
--

CREATE TABLE `migrations` (
  `id` int(10) UNSIGNED NOT NULL,
  `migration` varchar(255) NOT NULL,
  `batch` int(11) NOT NULL
) ENGINE=InnoDB DEFAULT CHARSET=utf8mb4 COLLATE=utf8mb4_unicode_ci;

--
-- テーブルのデータのダンプ `migrations`
--

INSERT INTO `migrations` (`id`, `migration`, `batch`) VALUES
(1, '0001_01_01_000000_create_users_table', 1),
(2, '0001_01_01_000001_create_cache_table', 1),
(3, '0001_01_01_000002_create_jobs_table', 1),
(4, '2025_06_22_145515_add_role_to_users_table', 1),
(5, '2025_06_22_152041_add_company_id_to_users_table', 1),
(6, '2025_06_22_155534_create_shifts_table', 1),
(7, '2025_06_22_160712_create_fixed_shifts_table', 1),
(8, '2025_06_22_161553_create_chats_table', 1),
(9, '2025_06_23_030306_create_companies_table', 1),
(10, '2025_06_23_051930_add_hourly_wage_to_users_table', 1),
(11, '2025_06_23_053516_change_company_id_to_string_on_users_table', 1),
(12, '2025_06_23_053539_create_company_join_requests_table', 1);

-- --------------------------------------------------------

--
-- テーブルの構造 `password_reset_tokens`
--

CREATE TABLE `password_reset_tokens` (
  `email` varchar(255) NOT NULL,
  `token` varchar(255) NOT NULL,
  `created_at` timestamp NULL DEFAULT NULL
) ENGINE=InnoDB DEFAULT CHARSET=utf8mb4 COLLATE=utf8mb4_unicode_ci;

-- --------------------------------------------------------

--
-- テーブルの構造 `sessions`
--

CREATE TABLE `sessions` (
  `id` varchar(255) NOT NULL,
  `user_id` bigint(20) UNSIGNED DEFAULT NULL,
  `ip_address` varchar(45) DEFAULT NULL,
  `user_agent` text DEFAULT NULL,
  `payload` longtext NOT NULL,
  `last_activity` int(11) NOT NULL
) ENGINE=InnoDB DEFAULT CHARSET=utf8mb4 COLLATE=utf8mb4_unicode_ci;

--
-- テーブルのデータのダンプ `sessions`
--

INSERT INTO `sessions` (`id`, `user_id`, `ip_address`, `user_agent`, `payload`, `last_activity`) VALUES
('AIkmlPh57a7mR82ljKWfnYmYt5QC5ffDrVXCXo9H', 1, '127.0.0.1', 'Mozilla/5.0 (Windows NT 10.0; Win64; x64) AppleWebKit/537.36 (KHTML, like Gecko) Chrome/143.0.0.0 Safari/537.36 Edg/143.0.0.0', 'YTo0OntzOjY6Il90b2tlbiI7czo0MDoiN1hJU3E1enRLOU1ENk96ZW9YTGxWMm5ZUGV1TXBtT253WEdaREFJYiI7czo2OiJfZmxhc2giO2E6Mjp7czozOiJvbGQiO2E6MDp7fXM6MzoibmV3IjthOjA6e319czo5OiJfcHJldmlvdXMiO2E6MTp7czozOiJ1cmwiO3M6Mzk6Imh0dHA6Ly8xMjcuMC4wLjE6ODAwMC91c2VyL2ZpeGVkLXNoaWZ0cyI7fXM6NTA6ImxvZ2luX3dlYl81OWJhMzZhZGRjMmIyZjk0MDE1ODBmMDE0YzdmNThlYTRlMzA5ODlkIjtpOjE7fQ==', 1765768080),
('UhHS2GWtlnn7R73xCk1YHWVAaLhVkAIQ2wiOPe9n', NULL, 'fe80::decc:5c0f:5acf:28b0', 'HomeNet/1.0', 'YTozOntzOjY6Il90b2tlbiI7czo0MDoiNlRGaTc0UVV0Yjc0VTBaemFKekt5enBnaDhiNnp4ZUp4T0l1TXlDMSI7czo5OiJfcHJldmlvdXMiO2E6MTp7czozOiJ1cmwiO3M6NDg6Imh0dHA6Ly9bODBmZTowMDAwOjAwMDA6MDAwMDpmYTI0OjA0MzQ6OTBlMTpmMjJjXSI7fXM6NjoiX2ZsYXNoIjthOjI6e3M6Mzoib2xkIjthOjA6e31zOjM6Im5ldyI7YTowOnt9fX0=', 1765765024);

-- --------------------------------------------------------

--
-- テーブルの構造 `shifts`
--

CREATE TABLE `shifts` (
  `id` bigint(20) UNSIGNED NOT NULL,
  `user_id` bigint(20) UNSIGNED NOT NULL,
  `date` date NOT NULL,
  `start_time` time NOT NULL,
  `end_time` time NOT NULL,
  `created_at` timestamp NULL DEFAULT NULL,
  `updated_at` timestamp NULL DEFAULT NULL
) ENGINE=InnoDB DEFAULT CHARSET=utf8mb4 COLLATE=utf8mb4_unicode_ci;

--
-- テーブルのデータのダンプ `shifts`
--

INSERT INTO `shifts` (`id`, `user_id`, `date`, `start_time`, `end_time`, `created_at`, `updated_at`) VALUES
(1, 1, '2025-12-01', '17:00:00', '21:00:00', '2025-12-14 05:04:18', '2025-12-14 05:04:18'),
(2, 1, '2025-12-02', '17:00:00', '21:00:00', '2025-12-14 05:04:18', '2025-12-14 05:04:18'),
(3, 1, '2025-12-03', '17:00:00', '21:00:00', '2025-12-14 05:04:18', '2025-12-14 05:04:18'),
(4, 1, '2025-12-04', '17:00:00', '21:00:00', '2025-12-14 05:04:18', '2025-12-14 05:04:18'),
(5, 1, '2025-12-05', '17:00:00', '21:00:00', '2025-12-14 05:04:18', '2025-12-14 05:04:18'),
(6, 1, '2025-12-06', '17:00:00', '21:00:00', '2025-12-14 05:04:18', '2025-12-14 05:04:18'),
(7, 1, '2025-12-07', '17:00:00', '21:00:00', '2025-12-14 05:04:18', '2025-12-14 05:04:18'),
(8, 1, '2025-12-08', '17:00:00', '21:00:00', '2025-12-14 05:04:18', '2025-12-14 05:04:18'),
(9, 1, '2025-12-09', '17:00:00', '21:00:00', '2025-12-14 05:04:18', '2025-12-14 05:04:18'),
(10, 1, '2025-12-10', '17:00:00', '21:00:00', '2025-12-14 05:04:18', '2025-12-14 05:04:18'),
(11, 1, '2025-12-11', '17:00:00', '21:00:00', '2025-12-14 05:04:18', '2025-12-14 05:04:18'),
(12, 1, '2025-12-12', '17:00:00', '21:00:00', '2025-12-14 05:04:18', '2025-12-14 05:04:18'),
(13, 1, '2025-12-13', '17:00:00', '21:00:00', '2025-12-14 05:04:18', '2025-12-14 05:04:18'),
(14, 1, '2025-12-14', '17:00:00', '21:00:00', '2025-12-14 05:04:18', '2025-12-14 05:04:18'),
(15, 1, '2025-12-15', '17:00:00', '21:00:00', '2025-12-14 05:04:18', '2025-12-14 05:04:18'),
(16, 1, '2025-12-16', '17:00:00', '21:00:00', '2025-12-14 05:04:18', '2025-12-14 05:04:18'),
(17, 1, '2025-12-17', '17:00:00', '21:00:00', '2025-12-14 05:04:18', '2025-12-14 05:04:18'),
(18, 1, '2025-12-18', '17:00:00', '21:00:00', '2025-12-14 05:04:18', '2025-12-14 05:04:18'),
(19, 1, '2025-12-19', '17:00:00', '21:00:00', '2025-12-14 05:04:18', '2025-12-14 05:04:18'),
(20, 1, '2025-12-20', '17:00:00', '21:00:00', '2025-12-14 05:04:18', '2025-12-14 05:04:18'),
(21, 1, '2025-12-21', '17:00:00', '21:00:00', '2025-12-14 05:04:18', '2025-12-14 05:04:18'),
(22, 1, '2025-12-22', '17:00:00', '21:00:00', '2025-12-14 05:04:18', '2025-12-14 05:04:18'),
(23, 1, '2025-12-23', '17:00:00', '21:00:00', '2025-12-14 05:04:18', '2025-12-14 05:04:18'),
(24, 1, '2025-12-24', '17:00:00', '21:00:00', '2025-12-14 05:04:18', '2025-12-14 05:04:18'),
(25, 1, '2025-12-25', '17:00:00', '21:00:00', '2025-12-14 05:04:18', '2025-12-14 05:04:18'),
(26, 1, '2025-12-26', '17:00:00', '21:00:00', '2025-12-14 05:04:18', '2025-12-14 05:04:18'),
(27, 1, '2025-12-27', '17:00:00', '21:00:00', '2025-12-14 05:04:18', '2025-12-14 05:04:18'),
(28, 1, '2025-12-28', '17:00:00', '21:00:00', '2025-12-14 05:04:18', '2025-12-14 05:04:18'),
(29, 1, '2025-12-29', '17:00:00', '21:00:00', '2025-12-14 05:04:18', '2025-12-14 05:04:18'),
(30, 1, '2025-12-30', '17:00:00', '21:00:00', '2025-12-14 05:04:18', '2025-12-14 05:04:18'),
(31, 1, '2025-12-31', '17:00:00', '21:00:00', '2025-12-14 05:04:18', '2025-12-14 05:04:18'),
(32, 1, '2026-01-01', '09:00:00', '17:00:00', '2025-12-14 05:04:41', '2025-12-14 05:04:41'),
(33, 1, '2026-01-02', '09:00:00', '17:00:00', '2025-12-14 05:04:41', '2025-12-14 05:04:41'),
(34, 1, '2026-01-03', '09:00:00', '17:00:00', '2025-12-14 05:04:41', '2025-12-14 05:04:41'),
(35, 1, '2026-01-04', '09:00:00', '17:00:00', '2025-12-14 05:04:41', '2025-12-14 05:04:41'),
(36, 1, '2026-01-05', '09:00:00', '17:00:00', '2025-12-14 05:04:41', '2025-12-14 05:04:41'),
(37, 1, '2026-01-06', '09:00:00', '17:00:00', '2025-12-14 05:04:41', '2025-12-14 05:04:41'),
(38, 1, '2026-01-07', '09:00:00', '17:00:00', '2025-12-14 05:04:42', '2025-12-14 05:04:42'),
(39, 1, '2026-01-08', '09:00:00', '17:00:00', '2025-12-14 05:04:42', '2025-12-14 05:04:42'),
(40, 1, '2026-01-09', '09:00:00', '17:00:00', '2025-12-14 05:04:42', '2025-12-14 05:04:42'),
(41, 1, '2026-01-10', '09:00:00', '17:00:00', '2025-12-14 05:04:42', '2025-12-14 05:04:42'),
(42, 1, '2026-01-11', '09:00:00', '17:00:00', '2025-12-14 05:04:42', '2025-12-14 05:04:42'),
(43, 1, '2026-01-12', '09:00:00', '17:00:00', '2025-12-14 05:04:42', '2025-12-14 05:04:42'),
(44, 1, '2026-01-13', '09:00:00', '17:00:00', '2025-12-14 05:04:42', '2025-12-14 05:04:42'),
(45, 1, '2026-01-14', '09:00:00', '17:00:00', '2025-12-14 05:04:42', '2025-12-14 05:04:42'),
(46, 1, '2026-01-15', '09:00:00', '17:00:00', '2025-12-14 05:04:42', '2025-12-14 05:04:42'),
(47, 1, '2026-01-16', '09:00:00', '17:00:00', '2025-12-14 05:04:42', '2025-12-14 05:04:42'),
(48, 1, '2026-01-17', '09:00:00', '17:00:00', '2025-12-14 05:04:42', '2025-12-14 05:04:42'),
(49, 1, '2026-01-18', '09:00:00', '17:00:00', '2025-12-14 05:04:42', '2025-12-14 05:04:42'),
(50, 1, '2026-01-19', '09:00:00', '17:00:00', '2025-12-14 05:04:42', '2025-12-14 05:04:42'),
(51, 1, '2026-01-20', '09:00:00', '17:00:00', '2025-12-14 05:04:42', '2025-12-14 05:04:42'),
(52, 1, '2026-01-21', '09:00:00', '17:00:00', '2025-12-14 05:04:42', '2025-12-14 05:04:42'),
(53, 1, '2026-01-22', '09:00:00', '17:00:00', '2025-12-14 05:04:42', '2025-12-14 05:04:42'),
(54, 1, '2026-01-23', '09:00:00', '17:00:00', '2025-12-14 05:04:42', '2025-12-14 05:04:42'),
(55, 1, '2026-01-24', '09:00:00', '17:00:00', '2025-12-14 05:04:42', '2025-12-14 05:04:42'),
(56, 1, '2026-01-25', '09:00:00', '17:00:00', '2025-12-14 05:04:42', '2025-12-14 05:04:42'),
(57, 1, '2026-01-26', '09:00:00', '17:00:00', '2025-12-14 05:04:42', '2025-12-14 05:04:42'),
(58, 1, '2026-01-27', '09:00:00', '17:00:00', '2025-12-14 05:04:42', '2025-12-14 05:04:42'),
(59, 1, '2026-01-28', '09:00:00', '17:00:00', '2025-12-14 05:04:42', '2025-12-14 05:04:42'),
(60, 1, '2026-01-29', '09:00:00', '17:00:00', '2025-12-14 05:04:42', '2025-12-14 05:04:42'),
(61, 1, '2026-01-30', '09:00:00', '17:00:00', '2025-12-14 05:04:42', '2025-12-14 05:04:42'),
(62, 1, '2026-01-31', '09:00:00', '17:00:00', '2025-12-14 05:04:42', '2025-12-14 05:04:42'),
(63, 3, '2025-12-01', '09:00:00', '17:00:00', '2025-12-14 05:05:11', '2025-12-14 05:05:11'),
(64, 3, '2025-12-02', '09:00:00', '17:00:00', '2025-12-14 05:05:11', '2025-12-14 05:05:11'),
(65, 3, '2025-12-03', '09:00:00', '17:00:00', '2025-12-14 05:05:11', '2025-12-14 05:05:11'),
(66, 3, '2025-12-04', '09:00:00', '17:00:00', '2025-12-14 05:05:11', '2025-12-14 05:05:11'),
(67, 3, '2025-12-05', '09:00:00', '17:00:00', '2025-12-14 05:05:11', '2025-12-14 05:05:11'),
(68, 3, '2025-12-06', '10:00:00', '18:00:00', '2025-12-14 05:05:11', '2025-12-14 05:05:11'),
(69, 3, '2025-12-07', '10:00:00', '18:00:00', '2025-12-14 05:05:11', '2025-12-14 05:05:11'),
(70, 3, '2025-12-08', '09:00:00', '17:00:00', '2025-12-14 05:05:11', '2025-12-14 05:05:11'),
(71, 3, '2025-12-09', '09:00:00', '17:00:00', '2025-12-14 05:05:11', '2025-12-14 05:05:11'),
(72, 3, '2025-12-10', '09:00:00', '17:00:00', '2025-12-14 05:05:11', '2025-12-14 05:05:11'),
(73, 3, '2025-12-11', '09:00:00', '17:00:00', '2025-12-14 05:05:11', '2025-12-14 05:05:11'),
(74, 3, '2025-12-12', '09:00:00', '17:00:00', '2025-12-14 05:05:11', '2025-12-14 05:05:11'),
(75, 3, '2025-12-13', '10:00:00', '18:00:00', '2025-12-14 05:05:11', '2025-12-14 05:05:11'),
(76, 3, '2025-12-14', '10:00:00', '18:00:00', '2025-12-14 05:05:11', '2025-12-14 05:05:11'),
(77, 3, '2025-12-15', '09:00:00', '17:00:00', '2025-12-14 05:05:11', '2025-12-14 05:05:11'),
(78, 3, '2025-12-16', '09:00:00', '17:00:00', '2025-12-14 05:05:11', '2025-12-14 05:05:11'),
(79, 3, '2025-12-17', '09:00:00', '17:00:00', '2025-12-14 05:05:11', '2025-12-14 05:05:11'),
(80, 3, '2025-12-18', '09:00:00', '17:00:00', '2025-12-14 05:05:11', '2025-12-14 05:05:11'),
(81, 3, '2025-12-19', '09:00:00', '17:00:00', '2025-12-14 05:05:11', '2025-12-14 05:05:11'),
(82, 3, '2025-12-20', '10:00:00', '18:00:00', '2025-12-14 05:05:11', '2025-12-14 05:05:11'),
(83, 3, '2025-12-21', '10:00:00', '18:00:00', '2025-12-14 05:05:11', '2025-12-14 05:05:11'),
(84, 3, '2025-12-22', '09:00:00', '17:00:00', '2025-12-14 05:05:11', '2025-12-14 05:05:11'),
(85, 3, '2025-12-23', '09:00:00', '17:00:00', '2025-12-14 05:05:11', '2025-12-14 05:05:11'),
(86, 3, '2025-12-24', '09:00:00', '17:00:00', '2025-12-14 05:05:11', '2025-12-14 05:05:11'),
(87, 3, '2025-12-25', '09:00:00', '17:00:00', '2025-12-14 05:05:11', '2025-12-14 05:05:11'),
(88, 3, '2025-12-26', '09:00:00', '17:00:00', '2025-12-14 05:05:11', '2025-12-14 05:05:11'),
(89, 3, '2025-12-27', '10:00:00', '18:00:00', '2025-12-14 05:05:11', '2025-12-14 05:05:11'),
(90, 3, '2025-12-28', '10:00:00', '18:00:00', '2025-12-14 05:05:11', '2025-12-14 05:05:11'),
(91, 3, '2025-12-29', '09:00:00', '17:00:00', '2025-12-14 05:05:11', '2025-12-14 05:05:11'),
(92, 3, '2025-12-30', '09:00:00', '17:00:00', '2025-12-14 05:05:11', '2025-12-14 05:05:11'),
(93, 3, '2025-12-31', '09:00:00', '17:00:00', '2025-12-14 05:05:11', '2025-12-14 05:05:11'),
(94, 3, '2026-01-01', '09:00:00', '17:00:00', '2025-12-14 05:05:30', '2025-12-14 05:05:30'),
(95, 3, '2026-01-02', '09:00:00', '17:00:00', '2025-12-14 05:05:30', '2025-12-14 05:05:30'),
(96, 3, '2026-01-03', '10:00:00', '18:00:00', '2025-12-14 05:05:30', '2025-12-14 05:05:30'),
(97, 3, '2026-01-04', '10:00:00', '18:00:00', '2025-12-14 05:05:30', '2025-12-14 05:05:30'),
(98, 3, '2026-01-05', '09:00:00', '17:00:00', '2025-12-14 05:05:30', '2025-12-14 05:05:30'),
(99, 3, '2026-01-06', '09:00:00', '17:00:00', '2025-12-14 05:05:30', '2025-12-14 05:05:30'),
(100, 3, '2026-01-07', '09:00:00', '17:00:00', '2025-12-14 05:05:30', '2025-12-14 05:05:30'),
(101, 3, '2026-01-08', '09:00:00', '17:00:00', '2025-12-14 05:05:30', '2025-12-14 05:05:30'),
(102, 3, '2026-01-09', '09:00:00', '17:00:00', '2025-12-14 05:05:30', '2025-12-14 05:05:30'),
(103, 3, '2026-01-10', '10:00:00', '18:00:00', '2025-12-14 05:05:30', '2025-12-14 05:05:30'),
(104, 3, '2026-01-11', '10:00:00', '18:00:00', '2025-12-14 05:05:30', '2025-12-14 05:05:30'),
(105, 3, '2026-01-12', '09:00:00', '17:00:00', '2025-12-14 05:05:30', '2025-12-14 05:05:30'),
(106, 3, '2026-01-13', '09:00:00', '17:00:00', '2025-12-14 05:05:30', '2025-12-14 05:05:30'),
(107, 3, '2026-01-14', '09:00:00', '17:00:00', '2025-12-14 05:05:30', '2025-12-14 05:05:30'),
(108, 3, '2026-01-15', '09:00:00', '17:00:00', '2025-12-14 05:05:30', '2025-12-14 05:05:30'),
(109, 3, '2026-01-16', '09:00:00', '17:00:00', '2025-12-14 05:05:30', '2025-12-14 05:05:30'),
(110, 3, '2026-01-17', '10:00:00', '18:00:00', '2025-12-14 05:05:30', '2025-12-14 05:05:30'),
(111, 3, '2026-01-18', '10:00:00', '18:00:00', '2025-12-14 05:05:30', '2025-12-14 05:05:30'),
(112, 3, '2026-01-19', '09:00:00', '17:00:00', '2025-12-14 05:05:30', '2025-12-14 05:05:30'),
(113, 3, '2026-01-20', '09:00:00', '17:00:00', '2025-12-14 05:05:30', '2025-12-14 05:05:30'),
(114, 3, '2026-01-21', '09:00:00', '17:00:00', '2025-12-14 05:05:30', '2025-12-14 05:05:30'),
(115, 3, '2026-01-22', '09:00:00', '17:00:00', '2025-12-14 05:05:30', '2025-12-14 05:05:30'),
(116, 3, '2026-01-23', '09:00:00', '17:00:00', '2025-12-14 05:05:30', '2025-12-14 05:05:30'),
(117, 3, '2026-01-24', '10:00:00', '18:00:00', '2025-12-14 05:05:30', '2025-12-14 05:05:30'),
(118, 3, '2026-01-25', '10:00:00', '18:00:00', '2025-12-14 05:05:30', '2025-12-14 05:05:30'),
(119, 3, '2026-01-26', '09:00:00', '17:00:00', '2025-12-14 05:05:30', '2025-12-14 05:05:30'),
(120, 3, '2026-01-27', '09:00:00', '17:00:00', '2025-12-14 05:05:30', '2025-12-14 05:05:30'),
(121, 3, '2026-01-28', '09:00:00', '17:00:00', '2025-12-14 05:05:30', '2025-12-14 05:05:30'),
(122, 3, '2026-01-29', '09:00:00', '17:00:00', '2025-12-14 05:05:30', '2025-12-14 05:05:30'),
(123, 3, '2026-01-30', '09:00:00', '17:00:00', '2025-12-14 05:05:30', '2025-12-14 05:05:30'),
(124, 3, '2026-01-31', '10:00:00', '18:00:00', '2025-12-14 05:05:30', '2025-12-14 05:05:30'),
(125, 4, '2025-12-01', '09:00:00', '17:00:00', '2025-12-14 05:05:53', '2025-12-14 05:05:53'),
(126, 4, '2025-12-02', '09:00:00', '17:00:00', '2025-12-14 05:05:53', '2025-12-14 05:05:53'),
(127, 4, '2025-12-03', '09:00:00', '17:00:00', '2025-12-14 05:05:53', '2025-12-14 05:05:53'),
(128, 4, '2025-12-04', '09:00:00', '17:00:00', '2025-12-14 05:05:53', '2025-12-14 05:05:53'),
(129, 4, '2025-12-05', '09:00:00', '17:00:00', '2025-12-14 05:05:53', '2025-12-14 05:05:53'),
(130, 4, '2025-12-06', '10:00:00', '18:00:00', '2025-12-14 05:05:53', '2025-12-14 05:05:53'),
(131, 4, '2025-12-07', '10:00:00', '18:00:00', '2025-12-14 05:05:53', '2025-12-14 05:05:53'),
(132, 4, '2025-12-08', '09:00:00', '17:00:00', '2025-12-14 05:05:53', '2025-12-14 05:05:53'),
(133, 4, '2025-12-09', '09:00:00', '17:00:00', '2025-12-14 05:05:53', '2025-12-14 05:05:53'),
(134, 4, '2025-12-10', '09:00:00', '17:00:00', '2025-12-14 05:05:53', '2025-12-14 05:05:53'),
(135, 4, '2025-12-11', '09:00:00', '17:00:00', '2025-12-14 05:05:53', '2025-12-14 05:05:53'),
(136, 4, '2025-12-12', '09:00:00', '17:00:00', '2025-12-14 05:05:53', '2025-12-14 05:05:53'),
(137, 4, '2025-12-13', '10:00:00', '18:00:00', '2025-12-14 05:05:53', '2025-12-14 05:05:53'),
(138, 4, '2025-12-14', '10:00:00', '18:00:00', '2025-12-14 05:05:53', '2025-12-14 05:05:53'),
(139, 4, '2025-12-15', '09:00:00', '17:00:00', '2025-12-14 05:05:53', '2025-12-14 05:05:53'),
(140, 4, '2025-12-16', '09:00:00', '17:00:00', '2025-12-14 05:05:53', '2025-12-14 05:05:53'),
(141, 4, '2025-12-17', '09:00:00', '17:00:00', '2025-12-14 05:05:53', '2025-12-14 05:05:53'),
(142, 4, '2025-12-18', '09:00:00', '17:00:00', '2025-12-14 05:05:53', '2025-12-14 05:05:53'),
(143, 4, '2025-12-19', '09:00:00', '17:00:00', '2025-12-14 05:05:53', '2025-12-14 05:05:53'),
(144, 4, '2025-12-20', '10:00:00', '18:00:00', '2025-12-14 05:05:53', '2025-12-14 05:05:53'),
(145, 4, '2025-12-21', '10:00:00', '18:00:00', '2025-12-14 05:05:53', '2025-12-14 05:05:53'),
(146, 4, '2025-12-22', '09:00:00', '17:00:00', '2025-12-14 05:05:53', '2025-12-14 05:05:53'),
(147, 4, '2025-12-23', '09:00:00', '17:00:00', '2025-12-14 05:05:53', '2025-12-14 05:05:53'),
(148, 4, '2025-12-24', '09:00:00', '17:00:00', '2025-12-14 05:05:53', '2025-12-14 05:05:53'),
(149, 4, '2025-12-25', '09:00:00', '17:00:00', '2025-12-14 05:05:53', '2025-12-14 05:05:53'),
(150, 4, '2025-12-26', '09:00:00', '17:00:00', '2025-12-14 05:05:53', '2025-12-14 05:05:53'),
(151, 4, '2025-12-27', '10:00:00', '18:00:00', '2025-12-14 05:05:53', '2025-12-14 05:05:53'),
(152, 4, '2025-12-28', '10:00:00', '18:00:00', '2025-12-14 05:05:53', '2025-12-14 05:05:53'),
(153, 4, '2025-12-29', '09:00:00', '17:00:00', '2025-12-14 05:05:53', '2025-12-14 05:05:53'),
(154, 4, '2025-12-30', '09:00:00', '17:00:00', '2025-12-14 05:05:53', '2025-12-14 05:05:53'),
(155, 4, '2025-12-31', '09:00:00', '17:00:00', '2025-12-14 05:05:53', '2025-12-14 05:05:53'),
(156, 4, '2026-01-01', '09:00:00', '17:00:00', '2025-12-14 05:06:07', '2025-12-14 05:06:07'),
(157, 4, '2026-01-02', '09:00:00', '17:00:00', '2025-12-14 05:06:07', '2025-12-14 05:06:07'),
(158, 4, '2026-01-03', '10:00:00', '18:00:00', '2025-12-14 05:06:07', '2025-12-14 05:06:07'),
(159, 4, '2026-01-04', '10:00:00', '18:00:00', '2025-12-14 05:06:07', '2025-12-14 05:06:07'),
(160, 4, '2026-01-05', '09:00:00', '17:00:00', '2025-12-14 05:06:07', '2025-12-14 05:06:07'),
(161, 4, '2026-01-06', '09:00:00', '17:00:00', '2025-12-14 05:06:07', '2025-12-14 05:06:07'),
(162, 4, '2026-01-07', '09:00:00', '17:00:00', '2025-12-14 05:06:07', '2025-12-14 05:06:07'),
(163, 4, '2026-01-08', '09:00:00', '17:00:00', '2025-12-14 05:06:07', '2025-12-14 05:06:07'),
(164, 4, '2026-01-09', '09:00:00', '17:00:00', '2025-12-14 05:06:07', '2025-12-14 05:06:07'),
(165, 4, '2026-01-10', '10:00:00', '18:00:00', '2025-12-14 05:06:07', '2025-12-14 05:06:07'),
(166, 4, '2026-01-11', '10:00:00', '18:00:00', '2025-12-14 05:06:07', '2025-12-14 05:06:07'),
(167, 4, '2026-01-12', '09:00:00', '17:00:00', '2025-12-14 05:06:07', '2025-12-14 05:06:07'),
(168, 4, '2026-01-13', '09:00:00', '17:00:00', '2025-12-14 05:06:07', '2025-12-14 05:06:07'),
(169, 4, '2026-01-14', '09:00:00', '17:00:00', '2025-12-14 05:06:07', '2025-12-14 05:06:07'),
(170, 4, '2026-01-15', '09:00:00', '17:00:00', '2025-12-14 05:06:07', '2025-12-14 05:06:07'),
(171, 4, '2026-01-16', '09:00:00', '17:00:00', '2025-12-14 05:06:07', '2025-12-14 05:06:07'),
(172, 4, '2026-01-17', '10:00:00', '18:00:00', '2025-12-14 05:06:07', '2025-12-14 05:06:07'),
(173, 4, '2026-01-18', '10:00:00', '18:00:00', '2025-12-14 05:06:07', '2025-12-14 05:06:07'),
(174, 4, '2026-01-19', '09:00:00', '17:00:00', '2025-12-14 05:06:07', '2025-12-14 05:06:07'),
(175, 4, '2026-01-20', '09:00:00', '17:00:00', '2025-12-14 05:06:07', '2025-12-14 05:06:07'),
(176, 4, '2026-01-21', '09:00:00', '17:00:00', '2025-12-14 05:06:07', '2025-12-14 05:06:07'),
(177, 4, '2026-01-22', '09:00:00', '17:00:00', '2025-12-14 05:06:07', '2025-12-14 05:06:07'),
(178, 4, '2026-01-23', '09:00:00', '17:00:00', '2025-12-14 05:06:07', '2025-12-14 05:06:07'),
(179, 4, '2026-01-24', '10:00:00', '18:00:00', '2025-12-14 05:06:07', '2025-12-14 05:06:07'),
(180, 4, '2026-01-25', '10:00:00', '18:00:00', '2025-12-14 05:06:07', '2025-12-14 05:06:07'),
(181, 4, '2026-01-26', '09:00:00', '17:00:00', '2025-12-14 05:06:07', '2025-12-14 05:06:07'),
(182, 4, '2026-01-27', '09:00:00', '17:00:00', '2025-12-14 05:06:07', '2025-12-14 05:06:07'),
(183, 4, '2026-01-28', '09:00:00', '17:00:00', '2025-12-14 05:06:07', '2025-12-14 05:06:07'),
(184, 4, '2026-01-29', '09:00:00', '17:00:00', '2025-12-14 05:06:07', '2025-12-14 05:06:07'),
(185, 4, '2026-01-30', '09:00:00', '17:00:00', '2025-12-14 05:06:07', '2025-12-14 05:06:07'),
(186, 4, '2026-01-31', '10:00:00', '18:00:00', '2025-12-14 05:06:07', '2025-12-14 05:06:07'),
(187, 5, '2025-12-01', '09:00:00', '17:00:00', '2025-12-14 05:06:31', '2025-12-14 05:06:31'),
(188, 5, '2025-12-02', '09:00:00', '17:00:00', '2025-12-14 05:06:31', '2025-12-14 05:06:31'),
(189, 5, '2025-12-03', '09:00:00', '17:00:00', '2025-12-14 05:06:31', '2025-12-14 05:06:31'),
(190, 5, '2025-12-04', '09:00:00', '17:00:00', '2025-12-14 05:06:31', '2025-12-14 05:06:31'),
(191, 5, '2025-12-05', '09:00:00', '17:00:00', '2025-12-14 05:06:31', '2025-12-14 05:06:31'),
(192, 5, '2025-12-06', '10:00:00', '18:00:00', '2025-12-14 05:06:31', '2025-12-14 05:06:31'),
(193, 5, '2025-12-07', '10:00:00', '18:00:00', '2025-12-14 05:06:31', '2025-12-14 05:06:31'),
(194, 5, '2025-12-08', '09:00:00', '17:00:00', '2025-12-14 05:06:31', '2025-12-14 05:06:31'),
(195, 5, '2025-12-09', '09:00:00', '17:00:00', '2025-12-14 05:06:31', '2025-12-14 05:06:31'),
(196, 5, '2025-12-10', '09:00:00', '17:00:00', '2025-12-14 05:06:31', '2025-12-14 05:06:31'),
(197, 5, '2025-12-11', '09:00:00', '17:00:00', '2025-12-14 05:06:31', '2025-12-14 05:06:31'),
(198, 5, '2025-12-12', '09:00:00', '17:00:00', '2025-12-14 05:06:31', '2025-12-14 05:06:31'),
(199, 5, '2025-12-13', '10:00:00', '18:00:00', '2025-12-14 05:06:31', '2025-12-14 05:06:31'),
(200, 5, '2025-12-14', '10:00:00', '18:00:00', '2025-12-14 05:06:31', '2025-12-14 05:06:31'),
(201, 5, '2025-12-15', '09:00:00', '17:00:00', '2025-12-14 05:06:31', '2025-12-14 05:06:31'),
(202, 5, '2025-12-16', '09:00:00', '17:00:00', '2025-12-14 05:06:31', '2025-12-14 05:06:31'),
(203, 5, '2025-12-17', '09:00:00', '17:00:00', '2025-12-14 05:06:31', '2025-12-14 05:06:31'),
(204, 5, '2025-12-18', '09:00:00', '17:00:00', '2025-12-14 05:06:31', '2025-12-14 05:06:31'),
(205, 5, '2025-12-19', '09:00:00', '17:00:00', '2025-12-14 05:06:31', '2025-12-14 05:06:31'),
(206, 5, '2025-12-20', '10:00:00', '18:00:00', '2025-12-14 05:06:31', '2025-12-14 05:06:31'),
(207, 5, '2025-12-21', '10:00:00', '18:00:00', '2025-12-14 05:06:31', '2025-12-14 05:06:31'),
(208, 5, '2025-12-22', '09:00:00', '17:00:00', '2025-12-14 05:06:31', '2025-12-14 05:06:31'),
(209, 5, '2025-12-23', '09:00:00', '17:00:00', '2025-12-14 05:06:31', '2025-12-14 05:06:31'),
(210, 5, '2025-12-24', '09:00:00', '17:00:00', '2025-12-14 05:06:31', '2025-12-14 05:06:31'),
(211, 5, '2025-12-25', '09:00:00', '17:00:00', '2025-12-14 05:06:31', '2025-12-14 05:06:31'),
(212, 5, '2025-12-26', '09:00:00', '17:00:00', '2025-12-14 05:06:31', '2025-12-14 05:06:31'),
(213, 5, '2025-12-27', '10:00:00', '18:00:00', '2025-12-14 05:06:31', '2025-12-14 05:06:31'),
(214, 5, '2025-12-28', '10:00:00', '18:00:00', '2025-12-14 05:06:31', '2025-12-14 05:06:31'),
(215, 5, '2025-12-29', '09:00:00', '17:00:00', '2025-12-14 05:06:31', '2025-12-14 05:06:31'),
(216, 5, '2025-12-30', '09:00:00', '17:00:00', '2025-12-14 05:06:31', '2025-12-14 05:06:31'),
(217, 5, '2025-12-31', '09:00:00', '17:00:00', '2025-12-14 05:06:31', '2025-12-14 05:06:31'),
(218, 5, '2026-01-01', '09:00:00', '17:00:00', '2025-12-14 05:06:49', '2025-12-14 05:06:49'),
(219, 5, '2026-01-02', '09:00:00', '17:00:00', '2025-12-14 05:06:49', '2025-12-14 05:06:49'),
(220, 5, '2026-01-03', '10:00:00', '18:00:00', '2025-12-14 05:06:49', '2025-12-14 05:06:49'),
(221, 5, '2026-01-04', '10:00:00', '18:00:00', '2025-12-14 05:06:50', '2025-12-14 05:06:50'),
(222, 5, '2026-01-05', '09:00:00', '17:00:00', '2025-12-14 05:06:50', '2025-12-14 05:06:50'),
(223, 5, '2026-01-06', '09:00:00', '17:00:00', '2025-12-14 05:06:50', '2025-12-14 05:06:50'),
(224, 5, '2026-01-07', '09:00:00', '17:00:00', '2025-12-14 05:06:50', '2025-12-14 05:06:50'),
(225, 5, '2026-01-08', '09:00:00', '17:00:00', '2025-12-14 05:06:50', '2025-12-14 05:06:50'),
(226, 5, '2026-01-09', '09:00:00', '17:00:00', '2025-12-14 05:06:50', '2025-12-14 05:06:50'),
(227, 5, '2026-01-10', '10:00:00', '18:00:00', '2025-12-14 05:06:50', '2025-12-14 05:06:50'),
(228, 5, '2026-01-11', '10:00:00', '18:00:00', '2025-12-14 05:06:50', '2025-12-14 05:06:50'),
(229, 5, '2026-01-12', '09:00:00', '17:00:00', '2025-12-14 05:06:50', '2025-12-14 05:06:50'),
(230, 5, '2026-01-13', '09:00:00', '17:00:00', '2025-12-14 05:06:50', '2025-12-14 05:06:50'),
(231, 5, '2026-01-14', '09:00:00', '17:00:00', '2025-12-14 05:06:50', '2025-12-14 05:06:50'),
(232, 5, '2026-01-15', '09:00:00', '17:00:00', '2025-12-14 05:06:50', '2025-12-14 05:06:50'),
(233, 5, '2026-01-16', '09:00:00', '17:00:00', '2025-12-14 05:06:50', '2025-12-14 05:06:50'),
(234, 5, '2026-01-17', '10:00:00', '18:00:00', '2025-12-14 05:06:50', '2025-12-14 05:06:50'),
(235, 5, '2026-01-18', '10:00:00', '18:00:00', '2025-12-14 05:06:50', '2025-12-14 05:06:50'),
(236, 5, '2026-01-19', '09:00:00', '17:00:00', '2025-12-14 05:06:50', '2025-12-14 05:06:50'),
(237, 5, '2026-01-20', '09:00:00', '17:00:00', '2025-12-14 05:06:50', '2025-12-14 05:06:50'),
(238, 5, '2026-01-21', '09:00:00', '17:00:00', '2025-12-14 05:06:50', '2025-12-14 05:06:50'),
(239, 5, '2026-01-22', '09:00:00', '17:00:00', '2025-12-14 05:06:50', '2025-12-14 05:06:50'),
(240, 5, '2026-01-23', '09:00:00', '17:00:00', '2025-12-14 05:06:50', '2025-12-14 05:06:50'),
(241, 5, '2026-01-24', '10:00:00', '18:00:00', '2025-12-14 05:06:50', '2025-12-14 05:06:50'),
(242, 5, '2026-01-25', '10:00:00', '18:00:00', '2025-12-14 05:06:50', '2025-12-14 05:06:50'),
(243, 5, '2026-01-26', '09:00:00', '17:00:00', '2025-12-14 05:06:50', '2025-12-14 05:06:50'),
(244, 5, '2026-01-27', '09:00:00', '17:00:00', '2025-12-14 05:06:50', '2025-12-14 05:06:50'),
(245, 5, '2026-01-28', '09:00:00', '17:00:00', '2025-12-14 05:06:50', '2025-12-14 05:06:50'),
(246, 5, '2026-01-29', '09:00:00', '17:00:00', '2025-12-14 05:06:50', '2025-12-14 05:06:50'),
(247, 5, '2026-01-30', '09:00:00', '17:00:00', '2025-12-14 05:06:50', '2025-12-14 05:06:50'),
(248, 5, '2026-01-31', '10:00:00', '18:00:00', '2025-12-14 05:06:50', '2025-12-14 05:06:50'),
(249, 6, '2025-12-01', '09:00:00', '17:00:00', '2025-12-14 05:07:16', '2025-12-14 05:07:16'),
(250, 6, '2025-12-02', '09:00:00', '17:00:00', '2025-12-14 05:07:16', '2025-12-14 05:07:16'),
(251, 6, '2025-12-03', '09:00:00', '17:00:00', '2025-12-14 05:07:16', '2025-12-14 05:07:16'),
(252, 6, '2025-12-04', '09:00:00', '17:00:00', '2025-12-14 05:07:16', '2025-12-14 05:07:16'),
(253, 6, '2025-12-05', '09:00:00', '17:00:00', '2025-12-14 05:07:16', '2025-12-14 05:07:16'),
(254, 6, '2025-12-06', '10:00:00', '18:00:00', '2025-12-14 05:07:16', '2025-12-14 05:07:16'),
(255, 6, '2025-12-07', '10:00:00', '18:00:00', '2025-12-14 05:07:16', '2025-12-14 05:07:16'),
(256, 6, '2025-12-08', '09:00:00', '17:00:00', '2025-12-14 05:07:16', '2025-12-14 05:07:16'),
(257, 6, '2025-12-09', '09:00:00', '17:00:00', '2025-12-14 05:07:16', '2025-12-14 05:07:16'),
(258, 6, '2025-12-10', '09:00:00', '17:00:00', '2025-12-14 05:07:16', '2025-12-14 05:07:16'),
(259, 6, '2025-12-11', '09:00:00', '17:00:00', '2025-12-14 05:07:16', '2025-12-14 05:07:16'),
(260, 6, '2025-12-12', '09:00:00', '17:00:00', '2025-12-14 05:07:16', '2025-12-14 05:07:16'),
(261, 6, '2025-12-13', '10:00:00', '18:00:00', '2025-12-14 05:07:16', '2025-12-14 05:07:16'),
(262, 6, '2025-12-14', '10:00:00', '18:00:00', '2025-12-14 05:07:16', '2025-12-14 05:07:16'),
(263, 6, '2025-12-15', '09:00:00', '17:00:00', '2025-12-14 05:07:16', '2025-12-14 05:07:16'),
(264, 6, '2025-12-16', '09:00:00', '17:00:00', '2025-12-14 05:07:16', '2025-12-14 05:07:16'),
(265, 6, '2025-12-17', '09:00:00', '17:00:00', '2025-12-14 05:07:16', '2025-12-14 05:07:16'),
(266, 6, '2025-12-18', '09:00:00', '17:00:00', '2025-12-14 05:07:16', '2025-12-14 05:07:16'),
(267, 6, '2025-12-19', '09:00:00', '17:00:00', '2025-12-14 05:07:16', '2025-12-14 05:07:16'),
(268, 6, '2025-12-20', '10:00:00', '18:00:00', '2025-12-14 05:07:16', '2025-12-14 05:07:16'),
(269, 6, '2025-12-21', '10:00:00', '18:00:00', '2025-12-14 05:07:16', '2025-12-14 05:07:16'),
(270, 6, '2025-12-22', '09:00:00', '17:00:00', '2025-12-14 05:07:16', '2025-12-14 05:07:16'),
(271, 6, '2025-12-23', '09:00:00', '17:00:00', '2025-12-14 05:07:16', '2025-12-14 05:07:16'),
(272, 6, '2025-12-24', '09:00:00', '17:00:00', '2025-12-14 05:07:16', '2025-12-14 05:07:16'),
(273, 6, '2025-12-25', '09:00:00', '17:00:00', '2025-12-14 05:07:16', '2025-12-14 05:07:16'),
(274, 6, '2025-12-26', '09:00:00', '17:00:00', '2025-12-14 05:07:16', '2025-12-14 05:07:16'),
(275, 6, '2025-12-27', '10:00:00', '18:00:00', '2025-12-14 05:07:16', '2025-12-14 05:07:16'),
(276, 6, '2025-12-28', '10:00:00', '18:00:00', '2025-12-14 05:07:16', '2025-12-14 05:07:16'),
(277, 6, '2025-12-29', '09:00:00', '17:00:00', '2025-12-14 05:07:16', '2025-12-14 05:07:16'),
(278, 6, '2025-12-30', '09:00:00', '17:00:00', '2025-12-14 05:07:16', '2025-12-14 05:07:16'),
(279, 6, '2025-12-31', '09:00:00', '17:00:00', '2025-12-14 05:07:16', '2025-12-14 05:07:16'),
(280, 6, '2026-01-01', '09:00:00', '17:00:00', '2025-12-14 05:08:10', '2025-12-14 05:08:10'),
(281, 6, '2026-01-02', '09:00:00', '17:00:00', '2025-12-14 05:08:10', '2025-12-14 05:08:10'),
(282, 6, '2026-01-03', '10:00:00', '18:00:00', '2025-12-14 05:08:10', '2025-12-14 05:08:10'),
(283, 6, '2026-01-04', '10:00:00', '18:00:00', '2025-12-14 05:08:10', '2025-12-14 05:08:10'),
(284, 6, '2026-01-05', '09:00:00', '17:00:00', '2025-12-14 05:08:10', '2025-12-14 05:08:10'),
(285, 6, '2026-01-06', '09:00:00', '17:00:00', '2025-12-14 05:08:10', '2025-12-14 05:08:10'),
(286, 6, '2026-01-07', '09:00:00', '17:00:00', '2025-12-14 05:08:10', '2025-12-14 05:08:10'),
(287, 6, '2026-01-08', '09:00:00', '17:00:00', '2025-12-14 05:08:10', '2025-12-14 05:08:10'),
(288, 6, '2026-01-09', '09:00:00', '17:00:00', '2025-12-14 05:08:10', '2025-12-14 05:08:10'),
(289, 6, '2026-01-10', '10:00:00', '18:00:00', '2025-12-14 05:08:10', '2025-12-14 05:08:10'),
(290, 6, '2026-01-11', '10:00:00', '18:00:00', '2025-12-14 05:08:10', '2025-12-14 05:08:10'),
(291, 6, '2026-01-12', '09:00:00', '17:00:00', '2025-12-14 05:08:10', '2025-12-14 05:08:10'),
(292, 6, '2026-01-13', '09:00:00', '17:00:00', '2025-12-14 05:08:10', '2025-12-14 05:08:10'),
(293, 6, '2026-01-14', '09:00:00', '17:00:00', '2025-12-14 05:08:10', '2025-12-14 05:08:10'),
(294, 6, '2026-01-15', '09:00:00', '17:00:00', '2025-12-14 05:08:10', '2025-12-14 05:08:10'),
(295, 6, '2026-01-16', '09:00:00', '17:00:00', '2025-12-14 05:08:10', '2025-12-14 05:08:10'),
(296, 6, '2026-01-17', '10:00:00', '18:00:00', '2025-12-14 05:08:10', '2025-12-14 05:08:10'),
(297, 6, '2026-01-18', '10:00:00', '18:00:00', '2025-12-14 05:08:10', '2025-12-14 05:08:10'),
(298, 6, '2026-01-19', '09:00:00', '17:00:00', '2025-12-14 05:08:10', '2025-12-14 05:08:10'),
(299, 6, '2026-01-20', '09:00:00', '17:00:00', '2025-12-14 05:08:10', '2025-12-14 05:08:10'),
(300, 6, '2026-01-21', '09:00:00', '17:00:00', '2025-12-14 05:08:10', '2025-12-14 05:08:10'),
(301, 6, '2026-01-22', '09:00:00', '17:00:00', '2025-12-14 05:08:10', '2025-12-14 05:08:10'),
(302, 6, '2026-01-23', '09:00:00', '17:00:00', '2025-12-14 05:08:10', '2025-12-14 05:08:10'),
(303, 6, '2026-01-24', '10:00:00', '18:00:00', '2025-12-14 05:08:10', '2025-12-14 05:08:10'),
(304, 6, '2026-01-25', '10:00:00', '18:00:00', '2025-12-14 05:08:10', '2025-12-14 05:08:10'),
(305, 6, '2026-01-26', '09:00:00', '17:00:00', '2025-12-14 05:08:10', '2025-12-14 05:08:10'),
(306, 6, '2026-01-27', '09:00:00', '17:00:00', '2025-12-14 05:08:10', '2025-12-14 05:08:10'),
(307, 6, '2026-01-28', '09:00:00', '17:00:00', '2025-12-14 05:08:10', '2025-12-14 05:08:10'),
(308, 6, '2026-01-29', '09:00:00', '17:00:00', '2025-12-14 05:08:10', '2025-12-14 05:08:10'),
(309, 6, '2026-01-30', '09:00:00', '17:00:00', '2025-12-14 05:08:10', '2025-12-14 05:08:10'),
(310, 6, '2026-01-31', '10:00:00', '18:00:00', '2025-12-14 05:08:10', '2025-12-14 05:08:10'),
(311, 7, '2026-01-01', '09:00:00', '17:00:00', '2025-12-14 05:08:46', '2025-12-14 05:08:46'),
(312, 7, '2026-01-02', '09:00:00', '17:00:00', '2025-12-14 05:08:46', '2025-12-14 05:08:46'),
(313, 7, '2026-01-03', '10:00:00', '18:00:00', '2025-12-14 05:08:46', '2025-12-14 05:08:46'),
(314, 7, '2026-01-04', '10:00:00', '18:00:00', '2025-12-14 05:08:46', '2025-12-14 05:08:46'),
(315, 7, '2026-01-05', '09:00:00', '17:00:00', '2025-12-14 05:08:46', '2025-12-14 05:08:46'),
(316, 7, '2026-01-06', '09:00:00', '17:00:00', '2025-12-14 05:08:46', '2025-12-14 05:08:46'),
(317, 7, '2026-01-07', '09:00:00', '17:00:00', '2025-12-14 05:08:46', '2025-12-14 05:08:46'),
(318, 7, '2026-01-08', '09:00:00', '17:00:00', '2025-12-14 05:08:46', '2025-12-14 05:08:46'),
(319, 7, '2026-01-09', '09:00:00', '17:00:00', '2025-12-14 05:08:46', '2025-12-14 05:08:46'),
(320, 7, '2026-01-10', '10:00:00', '18:00:00', '2025-12-14 05:08:46', '2025-12-14 05:08:46'),
(321, 7, '2026-01-11', '10:00:00', '18:00:00', '2025-12-14 05:08:46', '2025-12-14 05:08:46'),
(322, 7, '2026-01-12', '09:00:00', '17:00:00', '2025-12-14 05:08:46', '2025-12-14 05:08:46'),
(323, 7, '2026-01-13', '09:00:00', '17:00:00', '2025-12-14 05:08:46', '2025-12-14 05:08:46'),
(324, 7, '2026-01-14', '09:00:00', '17:00:00', '2025-12-14 05:08:46', '2025-12-14 05:08:46'),
(325, 7, '2026-01-15', '09:00:00', '17:00:00', '2025-12-14 05:08:46', '2025-12-14 05:08:46'),
(326, 7, '2026-01-16', '09:00:00', '17:00:00', '2025-12-14 05:08:46', '2025-12-14 05:08:46'),
(327, 7, '2026-01-17', '10:00:00', '18:00:00', '2025-12-14 05:08:46', '2025-12-14 05:08:46'),
(328, 7, '2026-01-18', '10:00:00', '18:00:00', '2025-12-14 05:08:46', '2025-12-14 05:08:46'),
(329, 7, '2026-01-19', '09:00:00', '17:00:00', '2025-12-14 05:08:46', '2025-12-14 05:08:46'),
(330, 7, '2026-01-20', '09:00:00', '17:00:00', '2025-12-14 05:08:46', '2025-12-14 05:08:46'),
(331, 7, '2026-01-21', '09:00:00', '17:00:00', '2025-12-14 05:08:46', '2025-12-14 05:08:46'),
(332, 7, '2026-01-22', '09:00:00', '17:00:00', '2025-12-14 05:08:46', '2025-12-14 05:08:46'),
(333, 7, '2026-01-23', '09:00:00', '17:00:00', '2025-12-14 05:08:46', '2025-12-14 05:08:46'),
(334, 7, '2026-01-24', '10:00:00', '18:00:00', '2025-12-14 05:08:46', '2025-12-14 05:08:46'),
(335, 7, '2026-01-25', '10:00:00', '18:00:00', '2025-12-14 05:08:46', '2025-12-14 05:08:46'),
(336, 7, '2026-01-26', '09:00:00', '17:00:00', '2025-12-14 05:08:46', '2025-12-14 05:08:46'),
(337, 7, '2026-01-27', '09:00:00', '17:00:00', '2025-12-14 05:08:46', '2025-12-14 05:08:46'),
(338, 7, '2026-01-28', '09:00:00', '17:00:00', '2025-12-14 05:08:46', '2025-12-14 05:08:46'),
(339, 7, '2026-01-29', '09:00:00', '17:00:00', '2025-12-14 05:08:46', '2025-12-14 05:08:46'),
(340, 7, '2026-01-30', '09:00:00', '17:00:00', '2025-12-14 05:08:46', '2025-12-14 05:08:46'),
(341, 7, '2026-01-31', '10:00:00', '18:00:00', '2025-12-14 05:08:46', '2025-12-14 05:08:46'),
(342, 7, '2025-12-01', '09:00:00', '17:00:00', '2025-12-14 05:08:57', '2025-12-14 05:08:57'),
(343, 7, '2025-12-02', '09:00:00', '17:00:00', '2025-12-14 05:08:57', '2025-12-14 05:08:57'),
(344, 7, '2025-12-03', '09:00:00', '17:00:00', '2025-12-14 05:08:57', '2025-12-14 05:08:57'),
(345, 7, '2025-12-04', '09:00:00', '17:00:00', '2025-12-14 05:08:57', '2025-12-14 05:08:57'),
(346, 7, '2025-12-05', '09:00:00', '17:00:00', '2025-12-14 05:08:57', '2025-12-14 05:08:57'),
(347, 7, '2025-12-06', '10:00:00', '18:00:00', '2025-12-14 05:08:57', '2025-12-14 05:08:57'),
(348, 7, '2025-12-07', '10:00:00', '18:00:00', '2025-12-14 05:08:57', '2025-12-14 05:08:57'),
(349, 7, '2025-12-08', '09:00:00', '17:00:00', '2025-12-14 05:08:57', '2025-12-14 05:08:57'),
(350, 7, '2025-12-09', '09:00:00', '17:00:00', '2025-12-14 05:08:57', '2025-12-14 05:08:57'),
(351, 7, '2025-12-10', '09:00:00', '17:00:00', '2025-12-14 05:08:57', '2025-12-14 05:08:57'),
(352, 7, '2025-12-11', '09:00:00', '17:00:00', '2025-12-14 05:08:57', '2025-12-14 05:08:57'),
(353, 7, '2025-12-12', '09:00:00', '17:00:00', '2025-12-14 05:08:57', '2025-12-14 05:08:57'),
(354, 7, '2025-12-13', '10:00:00', '18:00:00', '2025-12-14 05:08:57', '2025-12-14 05:08:57'),
(355, 7, '2025-12-14', '10:00:00', '18:00:00', '2025-12-14 05:08:57', '2025-12-14 05:08:57'),
(356, 7, '2025-12-15', '09:00:00', '17:00:00', '2025-12-14 05:08:57', '2025-12-14 05:08:57'),
(357, 7, '2025-12-16', '09:00:00', '17:00:00', '2025-12-14 05:08:57', '2025-12-14 05:08:57'),
(358, 7, '2025-12-17', '09:00:00', '17:00:00', '2025-12-14 05:08:57', '2025-12-14 05:08:57'),
(359, 7, '2025-12-18', '09:00:00', '17:00:00', '2025-12-14 05:08:57', '2025-12-14 05:08:57'),
(360, 7, '2025-12-19', '09:00:00', '17:00:00', '2025-12-14 05:08:57', '2025-12-14 05:08:57'),
(361, 7, '2025-12-20', '10:00:00', '18:00:00', '2025-12-14 05:08:57', '2025-12-14 05:08:57'),
(362, 7, '2025-12-21', '10:00:00', '18:00:00', '2025-12-14 05:08:57', '2025-12-14 05:08:57'),
(363, 7, '2025-12-22', '09:00:00', '17:00:00', '2025-12-14 05:08:57', '2025-12-14 05:08:57'),
(364, 7, '2025-12-23', '09:00:00', '17:00:00', '2025-12-14 05:08:57', '2025-12-14 05:08:57'),
(365, 7, '2025-12-24', '09:00:00', '17:00:00', '2025-12-14 05:08:57', '2025-12-14 05:08:57'),
(366, 7, '2025-12-25', '09:00:00', '17:00:00', '2025-12-14 05:08:57', '2025-12-14 05:08:57'),
(367, 7, '2025-12-26', '09:00:00', '17:00:00', '2025-12-14 05:08:57', '2025-12-14 05:08:57'),
(368, 7, '2025-12-27', '10:00:00', '18:00:00', '2025-12-14 05:08:57', '2025-12-14 05:08:57'),
(369, 7, '2025-12-28', '10:00:00', '18:00:00', '2025-12-14 05:08:57', '2025-12-14 05:08:57'),
(370, 7, '2025-12-29', '09:00:00', '17:00:00', '2025-12-14 05:08:57', '2025-12-14 05:08:57'),
(371, 7, '2025-12-30', '09:00:00', '17:00:00', '2025-12-14 05:08:57', '2025-12-14 05:08:57'),
(372, 7, '2025-12-31', '09:00:00', '17:00:00', '2025-12-14 05:08:57', '2025-12-14 05:08:57'),
(373, 9, '2025-12-01', '09:00:00', '17:00:00', '2025-12-14 05:10:29', '2025-12-14 05:10:29'),
(374, 9, '2025-12-02', '09:00:00', '17:00:00', '2025-12-14 05:10:29', '2025-12-14 05:10:29'),
(375, 9, '2025-12-03', '09:00:00', '17:00:00', '2025-12-14 05:10:29', '2025-12-14 05:10:29'),
(376, 9, '2025-12-04', '09:00:00', '17:00:00', '2025-12-14 05:10:29', '2025-12-14 05:10:29'),
(377, 9, '2025-12-05', '09:00:00', '17:00:00', '2025-12-14 05:10:29', '2025-12-14 05:10:29'),
(378, 9, '2025-12-06', '10:00:00', '18:00:00', '2025-12-14 05:10:29', '2025-12-14 05:10:29'),
(379, 9, '2025-12-07', '10:00:00', '18:00:00', '2025-12-14 05:10:29', '2025-12-14 05:10:29'),
(380, 9, '2025-12-08', '09:00:00', '17:00:00', '2025-12-14 05:10:29', '2025-12-14 05:10:29'),
(381, 9, '2025-12-09', '09:00:00', '17:00:00', '2025-12-14 05:10:29', '2025-12-14 05:10:29'),
(382, 9, '2025-12-10', '09:00:00', '17:00:00', '2025-12-14 05:10:29', '2025-12-14 05:10:29'),
(383, 9, '2025-12-11', '09:00:00', '17:00:00', '2025-12-14 05:10:29', '2025-12-14 05:10:29'),
(384, 9, '2025-12-12', '09:00:00', '17:00:00', '2025-12-14 05:10:29', '2025-12-14 05:10:29'),
(385, 9, '2025-12-13', '10:00:00', '18:00:00', '2025-12-14 05:10:29', '2025-12-14 05:10:29'),
(386, 9, '2025-12-14', '10:00:00', '18:00:00', '2025-12-14 05:10:29', '2025-12-14 05:10:29'),
(387, 9, '2025-12-15', '09:00:00', '17:00:00', '2025-12-14 05:10:29', '2025-12-14 05:10:29'),
(388, 9, '2025-12-16', '09:00:00', '17:00:00', '2025-12-14 05:10:29', '2025-12-14 05:10:29'),
(389, 9, '2025-12-17', '09:00:00', '17:00:00', '2025-12-14 05:10:29', '2025-12-14 05:10:29'),
(390, 9, '2025-12-18', '09:00:00', '17:00:00', '2025-12-14 05:10:29', '2025-12-14 05:10:29'),
(391, 9, '2025-12-19', '09:00:00', '17:00:00', '2025-12-14 05:10:29', '2025-12-14 05:10:29'),
(392, 9, '2025-12-20', '10:00:00', '18:00:00', '2025-12-14 05:10:29', '2025-12-14 05:10:29'),
(393, 9, '2025-12-21', '10:00:00', '18:00:00', '2025-12-14 05:10:29', '2025-12-14 05:10:29'),
(394, 9, '2025-12-22', '09:00:00', '17:00:00', '2025-12-14 05:10:29', '2025-12-14 05:10:29'),
(395, 9, '2025-12-23', '09:00:00', '17:00:00', '2025-12-14 05:10:29', '2025-12-14 05:10:29'),
(396, 9, '2025-12-24', '09:00:00', '17:00:00', '2025-12-14 05:10:29', '2025-12-14 05:10:29'),
(397, 9, '2025-12-25', '09:00:00', '17:00:00', '2025-12-14 05:10:29', '2025-12-14 05:10:29'),
(398, 9, '2025-12-26', '09:00:00', '17:00:00', '2025-12-14 05:10:29', '2025-12-14 05:10:29'),
(399, 9, '2025-12-27', '10:00:00', '18:00:00', '2025-12-14 05:10:29', '2025-12-14 05:10:29'),
(400, 9, '2025-12-28', '10:00:00', '18:00:00', '2025-12-14 05:10:29', '2025-12-14 05:10:29'),
(401, 9, '2025-12-29', '09:00:00', '17:00:00', '2025-12-14 05:10:29', '2025-12-14 05:10:29'),
(402, 9, '2025-12-30', '09:00:00', '17:00:00', '2025-12-14 05:10:29', '2025-12-14 05:10:29'),
(403, 9, '2025-12-31', '09:00:00', '17:00:00', '2025-12-14 05:10:29', '2025-12-14 05:10:29'),
(404, 9, '2026-01-01', '09:00:00', '17:00:00', '2025-12-14 05:10:46', '2025-12-14 05:10:46'),
(405, 9, '2026-01-02', '09:00:00', '17:00:00', '2025-12-14 05:10:46', '2025-12-14 05:10:46'),
(406, 9, '2026-01-03', '10:00:00', '18:00:00', '2025-12-14 05:10:46', '2025-12-14 05:10:46'),
(407, 9, '2026-01-04', '10:00:00', '18:00:00', '2025-12-14 05:10:46', '2025-12-14 05:10:46'),
(408, 9, '2026-01-05', '09:00:00', '17:00:00', '2025-12-14 05:10:46', '2025-12-14 05:10:46'),
(409, 9, '2026-01-06', '09:00:00', '17:00:00', '2025-12-14 05:10:46', '2025-12-14 05:10:46'),
(410, 9, '2026-01-07', '09:00:00', '17:00:00', '2025-12-14 05:10:46', '2025-12-14 05:10:46'),
(411, 9, '2026-01-08', '09:00:00', '17:00:00', '2025-12-14 05:10:46', '2025-12-14 05:10:46'),
(412, 9, '2026-01-09', '09:00:00', '17:00:00', '2025-12-14 05:10:46', '2025-12-14 05:10:46'),
(413, 9, '2026-01-10', '10:00:00', '18:00:00', '2025-12-14 05:10:46', '2025-12-14 05:10:46'),
(414, 9, '2026-01-11', '10:00:00', '18:00:00', '2025-12-14 05:10:46', '2025-12-14 05:10:46'),
(415, 9, '2026-01-12', '09:00:00', '17:00:00', '2025-12-14 05:10:46', '2025-12-14 05:10:46'),
(416, 9, '2026-01-13', '09:00:00', '17:00:00', '2025-12-14 05:10:46', '2025-12-14 05:10:46'),
(417, 9, '2026-01-14', '09:00:00', '17:00:00', '2025-12-14 05:10:46', '2025-12-14 05:10:46'),
(418, 9, '2026-01-15', '09:00:00', '17:00:00', '2025-12-14 05:10:46', '2025-12-14 05:10:46'),
(419, 9, '2026-01-16', '09:00:00', '17:00:00', '2025-12-14 05:10:46', '2025-12-14 05:10:46'),
(420, 9, '2026-01-17', '10:00:00', '18:00:00', '2025-12-14 05:10:46', '2025-12-14 05:10:46'),
(421, 9, '2026-01-18', '10:00:00', '18:00:00', '2025-12-14 05:10:46', '2025-12-14 05:10:46'),
(422, 9, '2026-01-19', '09:00:00', '17:00:00', '2025-12-14 05:10:46', '2025-12-14 05:10:46'),
(423, 9, '2026-01-20', '09:00:00', '17:00:00', '2025-12-14 05:10:46', '2025-12-14 05:10:46'),
(424, 9, '2026-01-21', '09:00:00', '17:00:00', '2025-12-14 05:10:46', '2025-12-14 05:10:46'),
(425, 9, '2026-01-22', '09:00:00', '17:00:00', '2025-12-14 05:10:46', '2025-12-14 05:10:46'),
(426, 9, '2026-01-23', '09:00:00', '17:00:00', '2025-12-14 05:10:46', '2025-12-14 05:10:46'),
(427, 9, '2026-01-24', '10:00:00', '18:00:00', '2025-12-14 05:10:46', '2025-12-14 05:10:46'),
(428, 9, '2026-01-25', '10:00:00', '18:00:00', '2025-12-14 05:10:46', '2025-12-14 05:10:46'),
(429, 9, '2026-01-26', '09:00:00', '17:00:00', '2025-12-14 05:10:46', '2025-12-14 05:10:46'),
(430, 9, '2026-01-27', '09:00:00', '17:00:00', '2025-12-14 05:10:46', '2025-12-14 05:10:46'),
(431, 9, '2026-01-28', '09:00:00', '17:00:00', '2025-12-14 05:10:46', '2025-12-14 05:10:46'),
(432, 9, '2026-01-29', '09:00:00', '17:00:00', '2025-12-14 05:10:46', '2025-12-14 05:10:46'),
(433, 9, '2026-01-30', '09:00:00', '17:00:00', '2025-12-14 05:10:46', '2025-12-14 05:10:46'),
(434, 9, '2026-01-31', '10:00:00', '18:00:00', '2025-12-14 05:10:46', '2025-12-14 05:10:46'),
(435, 10, '2025-12-01', '09:00:00', '17:00:00', '2025-12-14 05:11:12', '2025-12-14 05:11:12'),
(436, 10, '2025-12-02', '09:00:00', '17:00:00', '2025-12-14 05:11:12', '2025-12-14 05:11:12'),
(437, 10, '2025-12-03', '09:00:00', '17:00:00', '2025-12-14 05:11:12', '2025-12-14 05:11:12'),
(438, 10, '2025-12-04', '09:00:00', '17:00:00', '2025-12-14 05:11:12', '2025-12-14 05:11:12'),
(439, 10, '2025-12-05', '09:00:00', '17:00:00', '2025-12-14 05:11:12', '2025-12-14 05:11:12'),
(440, 10, '2025-12-06', '10:00:00', '18:00:00', '2025-12-14 05:11:12', '2025-12-14 05:11:12'),
(441, 10, '2025-12-07', '10:00:00', '18:00:00', '2025-12-14 05:11:12', '2025-12-14 05:11:12'),
(442, 10, '2025-12-08', '09:00:00', '17:00:00', '2025-12-14 05:11:12', '2025-12-14 05:11:12'),
(443, 10, '2025-12-09', '09:00:00', '17:00:00', '2025-12-14 05:11:12', '2025-12-14 05:11:12'),
(444, 10, '2025-12-10', '09:00:00', '17:00:00', '2025-12-14 05:11:12', '2025-12-14 05:11:12'),
(445, 10, '2025-12-11', '09:00:00', '17:00:00', '2025-12-14 05:11:12', '2025-12-14 05:11:12'),
(446, 10, '2025-12-12', '09:00:00', '17:00:00', '2025-12-14 05:11:12', '2025-12-14 05:11:12'),
(447, 10, '2025-12-13', '10:00:00', '18:00:00', '2025-12-14 05:11:12', '2025-12-14 05:11:12'),
(448, 10, '2025-12-14', '10:00:00', '18:00:00', '2025-12-14 05:11:12', '2025-12-14 05:11:12'),
(449, 10, '2025-12-15', '09:00:00', '17:00:00', '2025-12-14 05:11:12', '2025-12-14 05:11:12'),
(450, 10, '2025-12-16', '09:00:00', '17:00:00', '2025-12-14 05:11:12', '2025-12-14 05:11:12'),
(451, 10, '2025-12-17', '09:00:00', '17:00:00', '2025-12-14 05:11:12', '2025-12-14 05:11:12'),
(452, 10, '2025-12-18', '09:00:00', '17:00:00', '2025-12-14 05:11:12', '2025-12-14 05:11:12'),
(453, 10, '2025-12-19', '09:00:00', '17:00:00', '2025-12-14 05:11:12', '2025-12-14 05:11:12'),
(454, 10, '2025-12-20', '10:00:00', '18:00:00', '2025-12-14 05:11:12', '2025-12-14 05:11:12'),
(455, 10, '2025-12-21', '10:00:00', '18:00:00', '2025-12-14 05:11:12', '2025-12-14 05:11:12'),
(456, 10, '2025-12-22', '09:00:00', '17:00:00', '2025-12-14 05:11:12', '2025-12-14 05:11:12'),
(457, 10, '2025-12-23', '09:00:00', '17:00:00', '2025-12-14 05:11:12', '2025-12-14 05:11:12'),
(458, 10, '2025-12-24', '09:00:00', '17:00:00', '2025-12-14 05:11:12', '2025-12-14 05:11:12'),
(459, 10, '2025-12-25', '09:00:00', '17:00:00', '2025-12-14 05:11:12', '2025-12-14 05:11:12'),
(460, 10, '2025-12-26', '09:00:00', '17:00:00', '2025-12-14 05:11:12', '2025-12-14 05:11:12'),
(461, 10, '2025-12-27', '10:00:00', '18:00:00', '2025-12-14 05:11:12', '2025-12-14 05:11:12'),
(462, 10, '2025-12-28', '10:00:00', '18:00:00', '2025-12-14 05:11:12', '2025-12-14 05:11:12'),
(463, 10, '2025-12-29', '09:00:00', '17:00:00', '2025-12-14 05:11:12', '2025-12-14 05:11:12'),
(464, 10, '2025-12-30', '09:00:00', '17:00:00', '2025-12-14 05:11:12', '2025-12-14 05:11:12'),
(465, 10, '2025-12-31', '09:00:00', '17:00:00', '2025-12-14 05:11:12', '2025-12-14 05:11:12'),
(466, 10, '2026-01-01', '09:00:00', '17:00:00', '2025-12-14 05:11:22', '2025-12-14 05:11:22'),
(467, 10, '2026-01-02', '09:00:00', '17:00:00', '2025-12-14 05:11:22', '2025-12-14 05:11:22'),
(468, 10, '2026-01-03', '10:00:00', '18:00:00', '2025-12-14 05:11:22', '2025-12-14 05:11:22'),
(469, 10, '2026-01-04', '10:00:00', '18:00:00', '2025-12-14 05:11:22', '2025-12-14 05:11:22'),
(470, 10, '2026-01-05', '09:00:00', '17:00:00', '2025-12-14 05:11:22', '2025-12-14 05:11:22'),
(471, 10, '2026-01-06', '09:00:00', '17:00:00', '2025-12-14 05:11:22', '2025-12-14 05:11:22'),
(472, 10, '2026-01-07', '09:00:00', '17:00:00', '2025-12-14 05:11:22', '2025-12-14 05:11:22'),
(473, 10, '2026-01-08', '09:00:00', '17:00:00', '2025-12-14 05:11:22', '2025-12-14 05:11:22'),
(474, 10, '2026-01-09', '09:00:00', '17:00:00', '2025-12-14 05:11:22', '2025-12-14 05:11:22'),
(475, 10, '2026-01-10', '10:00:00', '18:00:00', '2025-12-14 05:11:22', '2025-12-14 05:11:22'),
(476, 10, '2026-01-11', '10:00:00', '18:00:00', '2025-12-14 05:11:22', '2025-12-14 05:11:22'),
(477, 10, '2026-01-12', '09:00:00', '17:00:00', '2025-12-14 05:11:22', '2025-12-14 05:11:22'),
(478, 10, '2026-01-13', '09:00:00', '17:00:00', '2025-12-14 05:11:22', '2025-12-14 05:11:22'),
(479, 10, '2026-01-14', '09:00:00', '17:00:00', '2025-12-14 05:11:22', '2025-12-14 05:11:22'),
(480, 10, '2026-01-15', '09:00:00', '17:00:00', '2025-12-14 05:11:22', '2025-12-14 05:11:22'),
(481, 10, '2026-01-16', '09:00:00', '17:00:00', '2025-12-14 05:11:22', '2025-12-14 05:11:22'),
(482, 10, '2026-01-17', '10:00:00', '18:00:00', '2025-12-14 05:11:22', '2025-12-14 05:11:22'),
(483, 10, '2026-01-18', '10:00:00', '18:00:00', '2025-12-14 05:11:22', '2025-12-14 05:11:22'),
(484, 10, '2026-01-19', '09:00:00', '17:00:00', '2025-12-14 05:11:22', '2025-12-14 05:11:22'),
(485, 10, '2026-01-20', '09:00:00', '17:00:00', '2025-12-14 05:11:22', '2025-12-14 05:11:22'),
(486, 10, '2026-01-21', '09:00:00', '17:00:00', '2025-12-14 05:11:22', '2025-12-14 05:11:22'),
(487, 10, '2026-01-22', '09:00:00', '17:00:00', '2025-12-14 05:11:22', '2025-12-14 05:11:22'),
(488, 10, '2026-01-23', '09:00:00', '17:00:00', '2025-12-14 05:11:22', '2025-12-14 05:11:22'),
(489, 10, '2026-01-24', '10:00:00', '18:00:00', '2025-12-14 05:11:22', '2025-12-14 05:11:22'),
(490, 10, '2026-01-25', '10:00:00', '18:00:00', '2025-12-14 05:11:22', '2025-12-14 05:11:22'),
(491, 10, '2026-01-26', '09:00:00', '17:00:00', '2025-12-14 05:11:22', '2025-12-14 05:11:22'),
(492, 10, '2026-01-27', '09:00:00', '17:00:00', '2025-12-14 05:11:22', '2025-12-14 05:11:22'),
(493, 10, '2026-01-28', '09:00:00', '17:00:00', '2025-12-14 05:11:22', '2025-12-14 05:11:22'),
(494, 10, '2026-01-29', '09:00:00', '17:00:00', '2025-12-14 05:11:22', '2025-12-14 05:11:22'),
(495, 10, '2026-01-30', '09:00:00', '17:00:00', '2025-12-14 05:11:22', '2025-12-14 05:11:22'),
(496, 10, '2026-01-31', '10:00:00', '18:00:00', '2025-12-14 05:11:22', '2025-12-14 05:11:22'),
(497, 11, '2025-12-01', '09:00:00', '17:00:00', '2025-12-14 05:11:51', '2025-12-14 05:11:51'),
(498, 11, '2025-12-02', '09:00:00', '17:00:00', '2025-12-14 05:11:51', '2025-12-14 05:11:51'),
(499, 11, '2025-12-03', '09:00:00', '17:00:00', '2025-12-14 05:11:51', '2025-12-14 05:11:51'),
(500, 11, '2025-12-04', '09:00:00', '17:00:00', '2025-12-14 05:11:51', '2025-12-14 05:11:51'),
(501, 11, '2025-12-05', '09:00:00', '17:00:00', '2025-12-14 05:11:51', '2025-12-14 05:11:51'),
(502, 11, '2025-12-06', '10:00:00', '18:00:00', '2025-12-14 05:11:51', '2025-12-14 05:11:51'),
(503, 11, '2025-12-07', '10:00:00', '18:00:00', '2025-12-14 05:11:51', '2025-12-14 05:11:51'),
(504, 11, '2025-12-08', '09:00:00', '17:00:00', '2025-12-14 05:11:51', '2025-12-14 05:11:51'),
(505, 11, '2025-12-09', '09:00:00', '17:00:00', '2025-12-14 05:11:51', '2025-12-14 05:11:51'),
(506, 11, '2025-12-10', '09:00:00', '17:00:00', '2025-12-14 05:11:51', '2025-12-14 05:11:51'),
(507, 11, '2025-12-11', '09:00:00', '17:00:00', '2025-12-14 05:11:51', '2025-12-14 05:11:51'),
(508, 11, '2025-12-12', '09:00:00', '17:00:00', '2025-12-14 05:11:51', '2025-12-14 05:11:51'),
(509, 11, '2025-12-13', '10:00:00', '18:00:00', '2025-12-14 05:11:51', '2025-12-14 05:11:51'),
(510, 11, '2025-12-14', '10:00:00', '18:00:00', '2025-12-14 05:11:51', '2025-12-14 05:11:51'),
(511, 11, '2025-12-15', '09:00:00', '17:00:00', '2025-12-14 05:11:51', '2025-12-14 05:11:51'),
(512, 11, '2025-12-16', '09:00:00', '17:00:00', '2025-12-14 05:11:51', '2025-12-14 05:11:51'),
(513, 11, '2025-12-17', '09:00:00', '17:00:00', '2025-12-14 05:11:51', '2025-12-14 05:11:51'),
(514, 11, '2025-12-18', '09:00:00', '17:00:00', '2025-12-14 05:11:51', '2025-12-14 05:11:51'),
(515, 11, '2025-12-19', '09:00:00', '17:00:00', '2025-12-14 05:11:51', '2025-12-14 05:11:51'),
(516, 11, '2025-12-20', '10:00:00', '18:00:00', '2025-12-14 05:11:51', '2025-12-14 05:11:51'),
(517, 11, '2025-12-21', '10:00:00', '18:00:00', '2025-12-14 05:11:51', '2025-12-14 05:11:51'),
(518, 11, '2025-12-22', '09:00:00', '17:00:00', '2025-12-14 05:11:51', '2025-12-14 05:11:51'),
(519, 11, '2025-12-23', '09:00:00', '17:00:00', '2025-12-14 05:11:51', '2025-12-14 05:11:51'),
(520, 11, '2025-12-24', '09:00:00', '17:00:00', '2025-12-14 05:11:51', '2025-12-14 05:11:51'),
(521, 11, '2025-12-25', '09:00:00', '17:00:00', '2025-12-14 05:11:51', '2025-12-14 05:11:51'),
(522, 11, '2025-12-26', '09:00:00', '17:00:00', '2025-12-14 05:11:51', '2025-12-14 05:11:51'),
(523, 11, '2025-12-27', '10:00:00', '18:00:00', '2025-12-14 05:11:51', '2025-12-14 05:11:51'),
(524, 11, '2025-12-28', '10:00:00', '18:00:00', '2025-12-14 05:11:51', '2025-12-14 05:11:51'),
(525, 11, '2025-12-29', '09:00:00', '17:00:00', '2025-12-14 05:11:51', '2025-12-14 05:11:51'),
(526, 11, '2025-12-30', '09:00:00', '17:00:00', '2025-12-14 05:11:51', '2025-12-14 05:11:51'),
(527, 11, '2025-12-31', '09:00:00', '17:00:00', '2025-12-14 05:11:51', '2025-12-14 05:11:51'),
(528, 11, '2026-01-01', '09:00:00', '17:00:00', '2025-12-14 05:12:00', '2025-12-14 05:12:00'),
(529, 11, '2026-01-02', '09:00:00', '17:00:00', '2025-12-14 05:12:00', '2025-12-14 05:12:00'),
(530, 11, '2026-01-03', '10:00:00', '18:00:00', '2025-12-14 05:12:00', '2025-12-14 05:12:00'),
(531, 11, '2026-01-04', '10:00:00', '18:00:00', '2025-12-14 05:12:00', '2025-12-14 05:12:00'),
(532, 11, '2026-01-05', '09:00:00', '17:00:00', '2025-12-14 05:12:00', '2025-12-14 05:12:00'),
(533, 11, '2026-01-06', '09:00:00', '17:00:00', '2025-12-14 05:12:00', '2025-12-14 05:12:00'),
(534, 11, '2026-01-07', '09:00:00', '17:00:00', '2025-12-14 05:12:00', '2025-12-14 05:12:00'),
(535, 11, '2026-01-08', '09:00:00', '17:00:00', '2025-12-14 05:12:00', '2025-12-14 05:12:00'),
(536, 11, '2026-01-09', '09:00:00', '17:00:00', '2025-12-14 05:12:00', '2025-12-14 05:12:00'),
(537, 11, '2026-01-10', '10:00:00', '18:00:00', '2025-12-14 05:12:00', '2025-12-14 05:12:00'),
(538, 11, '2026-01-11', '10:00:00', '18:00:00', '2025-12-14 05:12:00', '2025-12-14 05:12:00'),
(539, 11, '2026-01-12', '09:00:00', '17:00:00', '2025-12-14 05:12:00', '2025-12-14 05:12:00'),
(540, 11, '2026-01-13', '09:00:00', '17:00:00', '2025-12-14 05:12:00', '2025-12-14 05:12:00'),
(541, 11, '2026-01-14', '09:00:00', '17:00:00', '2025-12-14 05:12:00', '2025-12-14 05:12:00'),
(542, 11, '2026-01-15', '09:00:00', '17:00:00', '2025-12-14 05:12:00', '2025-12-14 05:12:00');
INSERT INTO `shifts` (`id`, `user_id`, `date`, `start_time`, `end_time`, `created_at`, `updated_at`) VALUES
(543, 11, '2026-01-16', '09:00:00', '17:00:00', '2025-12-14 05:12:00', '2025-12-14 05:12:00'),
(544, 11, '2026-01-17', '10:00:00', '18:00:00', '2025-12-14 05:12:00', '2025-12-14 05:12:00'),
(545, 11, '2026-01-18', '10:00:00', '18:00:00', '2025-12-14 05:12:00', '2025-12-14 05:12:00'),
(546, 11, '2026-01-19', '09:00:00', '17:00:00', '2025-12-14 05:12:00', '2025-12-14 05:12:00'),
(547, 11, '2026-01-20', '09:00:00', '17:00:00', '2025-12-14 05:12:00', '2025-12-14 05:12:00'),
(548, 11, '2026-01-21', '09:00:00', '17:00:00', '2025-12-14 05:12:00', '2025-12-14 05:12:00'),
(549, 11, '2026-01-22', '09:00:00', '17:00:00', '2025-12-14 05:12:00', '2025-12-14 05:12:00'),
(550, 11, '2026-01-23', '09:00:00', '17:00:00', '2025-12-14 05:12:00', '2025-12-14 05:12:00'),
(551, 11, '2026-01-24', '10:00:00', '18:00:00', '2025-12-14 05:12:00', '2025-12-14 05:12:00'),
(552, 11, '2026-01-25', '10:00:00', '18:00:00', '2025-12-14 05:12:00', '2025-12-14 05:12:00'),
(553, 11, '2026-01-26', '09:00:00', '17:00:00', '2025-12-14 05:12:00', '2025-12-14 05:12:00'),
(554, 11, '2026-01-27', '09:00:00', '17:00:00', '2025-12-14 05:12:01', '2025-12-14 05:12:01'),
(555, 11, '2026-01-28', '09:00:00', '17:00:00', '2025-12-14 05:12:01', '2025-12-14 05:12:01'),
(556, 11, '2026-01-29', '09:00:00', '17:00:00', '2025-12-14 05:12:01', '2025-12-14 05:12:01'),
(557, 11, '2026-01-30', '09:00:00', '17:00:00', '2025-12-14 05:12:01', '2025-12-14 05:12:01'),
(558, 11, '2026-01-31', '10:00:00', '18:00:00', '2025-12-14 05:12:01', '2025-12-14 05:12:01'),
(559, 12, '2025-12-01', '09:00:00', '17:00:00', '2025-12-14 05:12:30', '2025-12-14 05:12:30'),
(560, 12, '2025-12-02', '09:00:00', '17:00:00', '2025-12-14 05:12:30', '2025-12-14 05:12:30'),
(561, 12, '2025-12-03', '09:00:00', '17:00:00', '2025-12-14 05:12:30', '2025-12-14 05:12:30'),
(562, 12, '2025-12-04', '09:00:00', '17:00:00', '2025-12-14 05:12:30', '2025-12-14 05:12:30'),
(563, 12, '2025-12-05', '09:00:00', '17:00:00', '2025-12-14 05:12:30', '2025-12-14 05:12:30'),
(564, 12, '2025-12-06', '10:00:00', '18:00:00', '2025-12-14 05:12:30', '2025-12-14 05:12:30'),
(565, 12, '2025-12-07', '10:00:00', '18:00:00', '2025-12-14 05:12:30', '2025-12-14 05:12:30'),
(566, 12, '2025-12-08', '09:00:00', '17:00:00', '2025-12-14 05:12:30', '2025-12-14 05:12:30'),
(567, 12, '2025-12-09', '09:00:00', '17:00:00', '2025-12-14 05:12:30', '2025-12-14 05:12:30'),
(568, 12, '2025-12-10', '09:00:00', '17:00:00', '2025-12-14 05:12:30', '2025-12-14 05:12:30'),
(569, 12, '2025-12-11', '09:00:00', '17:00:00', '2025-12-14 05:12:30', '2025-12-14 05:12:30'),
(570, 12, '2025-12-12', '09:00:00', '17:00:00', '2025-12-14 05:12:30', '2025-12-14 05:12:30'),
(571, 12, '2025-12-13', '10:00:00', '18:00:00', '2025-12-14 05:12:30', '2025-12-14 05:12:30'),
(572, 12, '2025-12-14', '10:00:00', '18:00:00', '2025-12-14 05:12:30', '2025-12-14 05:12:30'),
(573, 12, '2025-12-15', '09:00:00', '17:00:00', '2025-12-14 05:12:30', '2025-12-14 05:12:30'),
(574, 12, '2025-12-16', '09:00:00', '17:00:00', '2025-12-14 05:12:30', '2025-12-14 05:12:30'),
(575, 12, '2025-12-17', '09:00:00', '17:00:00', '2025-12-14 05:12:30', '2025-12-14 05:12:30'),
(576, 12, '2025-12-18', '09:00:00', '17:00:00', '2025-12-14 05:12:30', '2025-12-14 05:12:30'),
(577, 12, '2025-12-19', '09:00:00', '17:00:00', '2025-12-14 05:12:30', '2025-12-14 05:12:30'),
(578, 12, '2025-12-20', '10:00:00', '18:00:00', '2025-12-14 05:12:30', '2025-12-14 05:12:30'),
(579, 12, '2025-12-21', '10:00:00', '18:00:00', '2025-12-14 05:12:30', '2025-12-14 05:12:30'),
(580, 12, '2025-12-22', '09:00:00', '17:00:00', '2025-12-14 05:12:30', '2025-12-14 05:12:30'),
(581, 12, '2025-12-23', '09:00:00', '17:00:00', '2025-12-14 05:12:30', '2025-12-14 05:12:30'),
(582, 12, '2025-12-24', '09:00:00', '17:00:00', '2025-12-14 05:12:30', '2025-12-14 05:12:30'),
(583, 12, '2025-12-25', '09:00:00', '17:00:00', '2025-12-14 05:12:30', '2025-12-14 05:12:30'),
(584, 12, '2025-12-26', '09:00:00', '17:00:00', '2025-12-14 05:12:30', '2025-12-14 05:12:30'),
(585, 12, '2025-12-27', '10:00:00', '18:00:00', '2025-12-14 05:12:30', '2025-12-14 05:12:30'),
(586, 12, '2025-12-28', '10:00:00', '18:00:00', '2025-12-14 05:12:30', '2025-12-14 05:12:30'),
(587, 12, '2025-12-29', '09:00:00', '17:00:00', '2025-12-14 05:12:30', '2025-12-14 05:12:30'),
(588, 12, '2025-12-30', '09:00:00', '17:00:00', '2025-12-14 05:12:30', '2025-12-14 05:12:30'),
(589, 12, '2025-12-31', '09:00:00', '17:00:00', '2025-12-14 05:12:30', '2025-12-14 05:12:30'),
(590, 12, '2026-01-01', '09:00:00', '17:00:00', '2025-12-14 05:12:42', '2025-12-14 05:12:42'),
(591, 12, '2026-01-02', '09:00:00', '17:00:00', '2025-12-14 05:12:42', '2025-12-14 05:12:42'),
(592, 12, '2026-01-03', '10:00:00', '18:00:00', '2025-12-14 05:12:42', '2025-12-14 05:12:42'),
(593, 12, '2026-01-04', '10:00:00', '18:00:00', '2025-12-14 05:12:42', '2025-12-14 05:12:42'),
(594, 12, '2026-01-05', '09:00:00', '17:00:00', '2025-12-14 05:12:42', '2025-12-14 05:12:42'),
(595, 12, '2026-01-06', '09:00:00', '17:00:00', '2025-12-14 05:12:42', '2025-12-14 05:12:42'),
(596, 12, '2026-01-07', '09:00:00', '17:00:00', '2025-12-14 05:12:42', '2025-12-14 05:12:42'),
(597, 12, '2026-01-08', '09:00:00', '17:00:00', '2025-12-14 05:12:42', '2025-12-14 05:12:42'),
(598, 12, '2026-01-09', '09:00:00', '17:00:00', '2025-12-14 05:12:42', '2025-12-14 05:12:42'),
(599, 12, '2026-01-10', '10:00:00', '18:00:00', '2025-12-14 05:12:42', '2025-12-14 05:12:42'),
(600, 12, '2026-01-11', '10:00:00', '18:00:00', '2025-12-14 05:12:42', '2025-12-14 05:12:42'),
(601, 12, '2026-01-12', '09:00:00', '17:00:00', '2025-12-14 05:12:42', '2025-12-14 05:12:42'),
(602, 12, '2026-01-13', '09:00:00', '17:00:00', '2025-12-14 05:12:42', '2025-12-14 05:12:42'),
(603, 12, '2026-01-14', '09:00:00', '17:00:00', '2025-12-14 05:12:42', '2025-12-14 05:12:42'),
(604, 12, '2026-01-15', '09:00:00', '17:00:00', '2025-12-14 05:12:42', '2025-12-14 05:12:42'),
(605, 12, '2026-01-16', '09:00:00', '17:00:00', '2025-12-14 05:12:42', '2025-12-14 05:12:42'),
(606, 12, '2026-01-17', '10:00:00', '18:00:00', '2025-12-14 05:12:42', '2025-12-14 05:12:42'),
(607, 12, '2026-01-18', '10:00:00', '18:00:00', '2025-12-14 05:12:42', '2025-12-14 05:12:42'),
(608, 12, '2026-01-19', '09:00:00', '17:00:00', '2025-12-14 05:12:42', '2025-12-14 05:12:42'),
(609, 12, '2026-01-20', '09:00:00', '17:00:00', '2025-12-14 05:12:42', '2025-12-14 05:12:42'),
(610, 12, '2026-01-21', '09:00:00', '17:00:00', '2025-12-14 05:12:42', '2025-12-14 05:12:42'),
(611, 12, '2026-01-22', '09:00:00', '17:00:00', '2025-12-14 05:12:42', '2025-12-14 05:12:42'),
(612, 12, '2026-01-23', '09:00:00', '17:00:00', '2025-12-14 05:12:42', '2025-12-14 05:12:42'),
(613, 12, '2026-01-24', '10:00:00', '18:00:00', '2025-12-14 05:12:42', '2025-12-14 05:12:42'),
(614, 12, '2026-01-25', '10:00:00', '18:00:00', '2025-12-14 05:12:42', '2025-12-14 05:12:42'),
(615, 12, '2026-01-26', '09:00:00', '17:00:00', '2025-12-14 05:12:42', '2025-12-14 05:12:42'),
(616, 12, '2026-01-27', '09:00:00', '17:00:00', '2025-12-14 05:12:42', '2025-12-14 05:12:42'),
(617, 12, '2026-01-28', '09:00:00', '17:00:00', '2025-12-14 05:12:42', '2025-12-14 05:12:42'),
(618, 12, '2026-01-29', '09:00:00', '17:00:00', '2025-12-14 05:12:42', '2025-12-14 05:12:42'),
(619, 12, '2026-01-30', '09:00:00', '17:00:00', '2025-12-14 05:12:42', '2025-12-14 05:12:42'),
(620, 12, '2026-01-31', '10:00:00', '18:00:00', '2025-12-14 05:12:42', '2025-12-14 05:12:42'),
(621, 13, '2025-12-01', '09:00:00', '17:00:00', '2025-12-14 05:13:10', '2025-12-14 05:13:10'),
(622, 13, '2025-12-02', '09:00:00', '17:00:00', '2025-12-14 05:13:10', '2025-12-14 05:13:10'),
(623, 13, '2025-12-03', '09:00:00', '17:00:00', '2025-12-14 05:13:10', '2025-12-14 05:13:10'),
(624, 13, '2025-12-04', '09:00:00', '17:00:00', '2025-12-14 05:13:10', '2025-12-14 05:13:10'),
(625, 13, '2025-12-05', '09:00:00', '17:00:00', '2025-12-14 05:13:10', '2025-12-14 05:13:10'),
(626, 13, '2025-12-06', '10:00:00', '18:00:00', '2025-12-14 05:13:10', '2025-12-14 05:13:10'),
(627, 13, '2025-12-07', '10:00:00', '18:00:00', '2025-12-14 05:13:10', '2025-12-14 05:13:10'),
(628, 13, '2025-12-08', '09:00:00', '17:00:00', '2025-12-14 05:13:10', '2025-12-14 05:13:10'),
(629, 13, '2025-12-09', '09:00:00', '17:00:00', '2025-12-14 05:13:10', '2025-12-14 05:13:10'),
(630, 13, '2025-12-10', '09:00:00', '17:00:00', '2025-12-14 05:13:10', '2025-12-14 05:13:10'),
(631, 13, '2025-12-11', '09:00:00', '17:00:00', '2025-12-14 05:13:10', '2025-12-14 05:13:10'),
(632, 13, '2025-12-12', '09:00:00', '17:00:00', '2025-12-14 05:13:10', '2025-12-14 05:13:10'),
(633, 13, '2025-12-13', '10:00:00', '18:00:00', '2025-12-14 05:13:10', '2025-12-14 05:13:10'),
(634, 13, '2025-12-14', '10:00:00', '18:00:00', '2025-12-14 05:13:10', '2025-12-14 05:13:10'),
(635, 13, '2025-12-15', '09:00:00', '17:00:00', '2025-12-14 05:13:10', '2025-12-14 05:13:10'),
(636, 13, '2025-12-16', '09:00:00', '17:00:00', '2025-12-14 05:13:10', '2025-12-14 05:13:10'),
(637, 13, '2025-12-17', '09:00:00', '17:00:00', '2025-12-14 05:13:10', '2025-12-14 05:13:10'),
(638, 13, '2025-12-18', '09:00:00', '17:00:00', '2025-12-14 05:13:10', '2025-12-14 05:13:10'),
(639, 13, '2025-12-19', '09:00:00', '17:00:00', '2025-12-14 05:13:10', '2025-12-14 05:13:10'),
(640, 13, '2025-12-20', '10:00:00', '18:00:00', '2025-12-14 05:13:10', '2025-12-14 05:13:10'),
(641, 13, '2025-12-21', '10:00:00', '18:00:00', '2025-12-14 05:13:10', '2025-12-14 05:13:10'),
(642, 13, '2025-12-22', '09:00:00', '17:00:00', '2025-12-14 05:13:10', '2025-12-14 05:13:10'),
(643, 13, '2025-12-23', '09:00:00', '17:00:00', '2025-12-14 05:13:10', '2025-12-14 05:13:10'),
(644, 13, '2025-12-24', '09:00:00', '17:00:00', '2025-12-14 05:13:10', '2025-12-14 05:13:10'),
(645, 13, '2025-12-25', '09:00:00', '17:00:00', '2025-12-14 05:13:10', '2025-12-14 05:13:10'),
(646, 13, '2025-12-26', '09:00:00', '17:00:00', '2025-12-14 05:13:10', '2025-12-14 05:13:10'),
(647, 13, '2025-12-27', '10:00:00', '18:00:00', '2025-12-14 05:13:10', '2025-12-14 05:13:10'),
(648, 13, '2025-12-28', '10:00:00', '18:00:00', '2025-12-14 05:13:11', '2025-12-14 05:13:11'),
(649, 13, '2025-12-29', '09:00:00', '17:00:00', '2025-12-14 05:13:11', '2025-12-14 05:13:11'),
(650, 13, '2025-12-30', '09:00:00', '17:00:00', '2025-12-14 05:13:11', '2025-12-14 05:13:11'),
(651, 13, '2025-12-31', '09:00:00', '17:00:00', '2025-12-14 05:13:11', '2025-12-14 05:13:11'),
(652, 13, '2026-01-01', '09:00:00', '17:00:00', '2025-12-14 05:13:22', '2025-12-14 05:13:22'),
(653, 13, '2026-01-02', '09:00:00', '17:00:00', '2025-12-14 05:13:22', '2025-12-14 05:13:22'),
(654, 13, '2026-01-03', '10:00:00', '18:00:00', '2025-12-14 05:13:22', '2025-12-14 05:13:22'),
(655, 13, '2026-01-04', '10:00:00', '18:00:00', '2025-12-14 05:13:22', '2025-12-14 05:13:22'),
(656, 13, '2026-01-05', '09:00:00', '17:00:00', '2025-12-14 05:13:22', '2025-12-14 05:13:22'),
(657, 13, '2026-01-06', '09:00:00', '17:00:00', '2025-12-14 05:13:22', '2025-12-14 05:13:22'),
(658, 13, '2026-01-07', '09:00:00', '17:00:00', '2025-12-14 05:13:22', '2025-12-14 05:13:22'),
(659, 13, '2026-01-08', '09:00:00', '17:00:00', '2025-12-14 05:13:22', '2025-12-14 05:13:22'),
(660, 13, '2026-01-09', '09:00:00', '17:00:00', '2025-12-14 05:13:22', '2025-12-14 05:13:22'),
(661, 13, '2026-01-10', '10:00:00', '18:00:00', '2025-12-14 05:13:22', '2025-12-14 05:13:22'),
(662, 13, '2026-01-11', '10:00:00', '18:00:00', '2025-12-14 05:13:22', '2025-12-14 05:13:22'),
(663, 13, '2026-01-12', '09:00:00', '17:00:00', '2025-12-14 05:13:22', '2025-12-14 05:13:22'),
(664, 13, '2026-01-13', '09:00:00', '17:00:00', '2025-12-14 05:13:22', '2025-12-14 05:13:22'),
(665, 13, '2026-01-14', '09:00:00', '17:00:00', '2025-12-14 05:13:22', '2025-12-14 05:13:22'),
(666, 13, '2026-01-15', '09:00:00', '17:00:00', '2025-12-14 05:13:22', '2025-12-14 05:13:22'),
(667, 13, '2026-01-16', '09:00:00', '17:00:00', '2025-12-14 05:13:22', '2025-12-14 05:13:22'),
(668, 13, '2026-01-17', '10:00:00', '18:00:00', '2025-12-14 05:13:22', '2025-12-14 05:13:22'),
(669, 13, '2026-01-18', '10:00:00', '18:00:00', '2025-12-14 05:13:22', '2025-12-14 05:13:22'),
(670, 13, '2026-01-19', '09:00:00', '17:00:00', '2025-12-14 05:13:22', '2025-12-14 05:13:22'),
(671, 13, '2026-01-20', '09:00:00', '17:00:00', '2025-12-14 05:13:22', '2025-12-14 05:13:22'),
(672, 13, '2026-01-21', '09:00:00', '17:00:00', '2025-12-14 05:13:22', '2025-12-14 05:13:22'),
(673, 13, '2026-01-22', '09:00:00', '17:00:00', '2025-12-14 05:13:22', '2025-12-14 05:13:22'),
(674, 13, '2026-01-23', '09:00:00', '17:00:00', '2025-12-14 05:13:22', '2025-12-14 05:13:22'),
(675, 13, '2026-01-24', '10:00:00', '18:00:00', '2025-12-14 05:13:22', '2025-12-14 05:13:22'),
(676, 13, '2026-01-25', '10:00:00', '18:00:00', '2025-12-14 05:13:22', '2025-12-14 05:13:22'),
(677, 13, '2026-01-26', '09:00:00', '17:00:00', '2025-12-14 05:13:22', '2025-12-14 05:13:22'),
(678, 13, '2026-01-27', '09:00:00', '17:00:00', '2025-12-14 05:13:22', '2025-12-14 05:13:22'),
(679, 13, '2026-01-28', '09:00:00', '17:00:00', '2025-12-14 05:13:22', '2025-12-14 05:13:22'),
(680, 13, '2026-01-29', '09:00:00', '17:00:00', '2025-12-14 05:13:22', '2025-12-14 05:13:22'),
(681, 13, '2026-01-30', '09:00:00', '17:00:00', '2025-12-14 05:13:22', '2025-12-14 05:13:22'),
(682, 13, '2026-01-31', '10:00:00', '18:00:00', '2025-12-14 05:13:22', '2025-12-14 05:13:22'),
(683, 14, '2025-12-01', '09:00:00', '17:00:00', '2025-12-14 05:13:58', '2025-12-14 05:13:58'),
(684, 14, '2025-12-02', '09:00:00', '17:00:00', '2025-12-14 05:13:58', '2025-12-14 05:13:58'),
(685, 14, '2025-12-03', '09:00:00', '17:00:00', '2025-12-14 05:13:58', '2025-12-14 05:13:58'),
(686, 14, '2025-12-04', '09:00:00', '17:00:00', '2025-12-14 05:13:58', '2025-12-14 05:13:58'),
(687, 14, '2025-12-05', '09:00:00', '17:00:00', '2025-12-14 05:13:58', '2025-12-14 05:13:58'),
(688, 14, '2025-12-06', '10:00:00', '18:00:00', '2025-12-14 05:13:58', '2025-12-14 05:13:58'),
(689, 14, '2025-12-07', '10:00:00', '18:00:00', '2025-12-14 05:13:58', '2025-12-14 05:13:58'),
(690, 14, '2025-12-08', '09:00:00', '17:00:00', '2025-12-14 05:13:58', '2025-12-14 05:13:58'),
(691, 14, '2025-12-09', '09:00:00', '17:00:00', '2025-12-14 05:13:58', '2025-12-14 05:13:58'),
(692, 14, '2025-12-10', '09:00:00', '17:00:00', '2025-12-14 05:13:58', '2025-12-14 05:13:58'),
(693, 14, '2025-12-11', '09:00:00', '17:00:00', '2025-12-14 05:13:58', '2025-12-14 05:13:58'),
(694, 14, '2025-12-12', '09:00:00', '17:00:00', '2025-12-14 05:13:58', '2025-12-14 05:13:58'),
(695, 14, '2025-12-13', '10:00:00', '18:00:00', '2025-12-14 05:13:58', '2025-12-14 05:13:58'),
(696, 14, '2025-12-14', '10:00:00', '18:00:00', '2025-12-14 05:13:58', '2025-12-14 05:13:58'),
(697, 14, '2025-12-15', '09:00:00', '17:00:00', '2025-12-14 05:13:58', '2025-12-14 05:13:58'),
(698, 14, '2025-12-16', '09:00:00', '17:00:00', '2025-12-14 05:13:58', '2025-12-14 05:13:58'),
(699, 14, '2025-12-17', '09:00:00', '17:00:00', '2025-12-14 05:13:58', '2025-12-14 05:13:58'),
(700, 14, '2025-12-18', '09:00:00', '17:00:00', '2025-12-14 05:13:58', '2025-12-14 05:13:58'),
(701, 14, '2025-12-19', '09:00:00', '17:00:00', '2025-12-14 05:13:58', '2025-12-14 05:13:58'),
(702, 14, '2025-12-20', '10:00:00', '18:00:00', '2025-12-14 05:13:58', '2025-12-14 05:13:58'),
(703, 14, '2025-12-21', '10:00:00', '18:00:00', '2025-12-14 05:13:58', '2025-12-14 05:13:58'),
(704, 14, '2025-12-22', '09:00:00', '17:00:00', '2025-12-14 05:13:58', '2025-12-14 05:13:58'),
(705, 14, '2025-12-23', '09:00:00', '17:00:00', '2025-12-14 05:13:58', '2025-12-14 05:13:58'),
(706, 14, '2025-12-24', '09:00:00', '17:00:00', '2025-12-14 05:13:58', '2025-12-14 05:13:58'),
(707, 14, '2025-12-25', '09:00:00', '17:00:00', '2025-12-14 05:13:58', '2025-12-14 05:13:58'),
(708, 14, '2025-12-26', '09:00:00', '17:00:00', '2025-12-14 05:13:58', '2025-12-14 05:13:58'),
(709, 14, '2025-12-27', '10:00:00', '18:00:00', '2025-12-14 05:13:58', '2025-12-14 05:13:58'),
(710, 14, '2025-12-28', '10:00:00', '18:00:00', '2025-12-14 05:13:58', '2025-12-14 05:13:58'),
(711, 14, '2025-12-29', '09:00:00', '17:00:00', '2025-12-14 05:13:58', '2025-12-14 05:13:58'),
(712, 14, '2025-12-30', '09:00:00', '17:00:00', '2025-12-14 05:13:58', '2025-12-14 05:13:58'),
(713, 14, '2025-12-31', '09:00:00', '17:00:00', '2025-12-14 05:13:58', '2025-12-14 05:13:58'),
(714, 14, '2026-01-01', '09:00:00', '17:00:00', '2025-12-14 05:14:08', '2025-12-14 05:14:08'),
(715, 14, '2026-01-02', '09:00:00', '17:00:00', '2025-12-14 05:14:08', '2025-12-14 05:14:08'),
(716, 14, '2026-01-03', '10:00:00', '18:00:00', '2025-12-14 05:14:08', '2025-12-14 05:14:08'),
(717, 14, '2026-01-04', '10:00:00', '18:00:00', '2025-12-14 05:14:08', '2025-12-14 05:14:08'),
(718, 14, '2026-01-05', '09:00:00', '17:00:00', '2025-12-14 05:14:08', '2025-12-14 05:14:08'),
(719, 14, '2026-01-06', '09:00:00', '17:00:00', '2025-12-14 05:14:08', '2025-12-14 05:14:08'),
(720, 14, '2026-01-07', '09:00:00', '17:00:00', '2025-12-14 05:14:08', '2025-12-14 05:14:08'),
(721, 14, '2026-01-08', '09:00:00', '17:00:00', '2025-12-14 05:14:08', '2025-12-14 05:14:08'),
(722, 14, '2026-01-09', '09:00:00', '17:00:00', '2025-12-14 05:14:08', '2025-12-14 05:14:08'),
(723, 14, '2026-01-10', '10:00:00', '18:00:00', '2025-12-14 05:14:08', '2025-12-14 05:14:08'),
(724, 14, '2026-01-11', '10:00:00', '18:00:00', '2025-12-14 05:14:08', '2025-12-14 05:14:08'),
(725, 14, '2026-01-12', '09:00:00', '17:00:00', '2025-12-14 05:14:08', '2025-12-14 05:14:08'),
(726, 14, '2026-01-13', '09:00:00', '17:00:00', '2025-12-14 05:14:08', '2025-12-14 05:14:08'),
(727, 14, '2026-01-14', '09:00:00', '17:00:00', '2025-12-14 05:14:08', '2025-12-14 05:14:08'),
(728, 14, '2026-01-15', '09:00:00', '17:00:00', '2025-12-14 05:14:08', '2025-12-14 05:14:08'),
(729, 14, '2026-01-16', '09:00:00', '17:00:00', '2025-12-14 05:14:08', '2025-12-14 05:14:08'),
(730, 14, '2026-01-17', '10:00:00', '18:00:00', '2025-12-14 05:14:08', '2025-12-14 05:14:08'),
(731, 14, '2026-01-18', '10:00:00', '18:00:00', '2025-12-14 05:14:08', '2025-12-14 05:14:08'),
(732, 14, '2026-01-19', '09:00:00', '17:00:00', '2025-12-14 05:14:08', '2025-12-14 05:14:08'),
(733, 14, '2026-01-20', '09:00:00', '17:00:00', '2025-12-14 05:14:08', '2025-12-14 05:14:08'),
(734, 14, '2026-01-21', '09:00:00', '17:00:00', '2025-12-14 05:14:08', '2025-12-14 05:14:08'),
(735, 14, '2026-01-22', '09:00:00', '17:00:00', '2025-12-14 05:14:08', '2025-12-14 05:14:08'),
(736, 14, '2026-01-23', '09:00:00', '17:00:00', '2025-12-14 05:14:08', '2025-12-14 05:14:08'),
(737, 14, '2026-01-24', '10:00:00', '18:00:00', '2025-12-14 05:14:08', '2025-12-14 05:14:08'),
(738, 14, '2026-01-25', '10:00:00', '18:00:00', '2025-12-14 05:14:08', '2025-12-14 05:14:08'),
(739, 14, '2026-01-26', '09:00:00', '17:00:00', '2025-12-14 05:14:08', '2025-12-14 05:14:08'),
(740, 14, '2026-01-27', '09:00:00', '17:00:00', '2025-12-14 05:14:08', '2025-12-14 05:14:08'),
(741, 14, '2026-01-28', '09:00:00', '17:00:00', '2025-12-14 05:14:08', '2025-12-14 05:14:08'),
(742, 14, '2026-01-29', '09:00:00', '17:00:00', '2025-12-14 05:14:08', '2025-12-14 05:14:08'),
(743, 14, '2026-01-30', '09:00:00', '17:00:00', '2025-12-14 05:14:08', '2025-12-14 05:14:08'),
(744, 14, '2026-01-31', '10:00:00', '18:00:00', '2025-12-14 05:14:08', '2025-12-14 05:14:08'),
(745, 15, '2025-12-01', '09:00:00', '17:00:00', '2025-12-14 05:14:32', '2025-12-14 05:14:32'),
(746, 15, '2025-12-02', '09:00:00', '17:00:00', '2025-12-14 05:14:32', '2025-12-14 05:14:32'),
(747, 15, '2025-12-03', '09:00:00', '17:00:00', '2025-12-14 05:14:32', '2025-12-14 05:14:32'),
(748, 15, '2025-12-04', '09:00:00', '17:00:00', '2025-12-14 05:14:32', '2025-12-14 05:14:32'),
(749, 15, '2025-12-05', '09:00:00', '17:00:00', '2025-12-14 05:14:32', '2025-12-14 05:14:32'),
(750, 15, '2025-12-06', '10:00:00', '18:00:00', '2025-12-14 05:14:32', '2025-12-14 05:14:32'),
(751, 15, '2025-12-07', '10:00:00', '18:00:00', '2025-12-14 05:14:32', '2025-12-14 05:14:32'),
(752, 15, '2025-12-08', '09:00:00', '17:00:00', '2025-12-14 05:14:32', '2025-12-14 05:14:32'),
(753, 15, '2025-12-09', '09:00:00', '17:00:00', '2025-12-14 05:14:32', '2025-12-14 05:14:32'),
(754, 15, '2025-12-10', '09:00:00', '17:00:00', '2025-12-14 05:14:32', '2025-12-14 05:14:32'),
(755, 15, '2025-12-11', '09:00:00', '17:00:00', '2025-12-14 05:14:32', '2025-12-14 05:14:32'),
(756, 15, '2025-12-12', '09:00:00', '17:00:00', '2025-12-14 05:14:32', '2025-12-14 05:14:32'),
(757, 15, '2025-12-13', '10:00:00', '18:00:00', '2025-12-14 05:14:32', '2025-12-14 05:14:32'),
(758, 15, '2025-12-14', '10:00:00', '18:00:00', '2025-12-14 05:14:32', '2025-12-14 05:14:32'),
(759, 15, '2025-12-15', '09:00:00', '17:00:00', '2025-12-14 05:14:32', '2025-12-14 05:14:32'),
(760, 15, '2025-12-16', '09:00:00', '17:00:00', '2025-12-14 05:14:32', '2025-12-14 05:14:32'),
(761, 15, '2025-12-17', '09:00:00', '17:00:00', '2025-12-14 05:14:32', '2025-12-14 05:14:32'),
(762, 15, '2025-12-18', '09:00:00', '17:00:00', '2025-12-14 05:14:32', '2025-12-14 05:14:32'),
(763, 15, '2025-12-19', '09:00:00', '17:00:00', '2025-12-14 05:14:32', '2025-12-14 05:14:32'),
(764, 15, '2025-12-20', '10:00:00', '18:00:00', '2025-12-14 05:14:32', '2025-12-14 05:14:32'),
(765, 15, '2025-12-21', '10:00:00', '18:00:00', '2025-12-14 05:14:32', '2025-12-14 05:14:32'),
(766, 15, '2025-12-22', '09:00:00', '17:00:00', '2025-12-14 05:14:32', '2025-12-14 05:14:32'),
(767, 15, '2025-12-23', '09:00:00', '17:00:00', '2025-12-14 05:14:32', '2025-12-14 05:14:32'),
(768, 15, '2025-12-24', '09:00:00', '17:00:00', '2025-12-14 05:14:32', '2025-12-14 05:14:32'),
(769, 15, '2025-12-25', '09:00:00', '17:00:00', '2025-12-14 05:14:32', '2025-12-14 05:14:32'),
(770, 15, '2025-12-26', '09:00:00', '17:00:00', '2025-12-14 05:14:32', '2025-12-14 05:14:32'),
(771, 15, '2025-12-27', '10:00:00', '18:00:00', '2025-12-14 05:14:32', '2025-12-14 05:14:32'),
(772, 15, '2025-12-28', '10:00:00', '18:00:00', '2025-12-14 05:14:32', '2025-12-14 05:14:32'),
(773, 15, '2025-12-29', '09:00:00', '17:00:00', '2025-12-14 05:14:32', '2025-12-14 05:14:32'),
(774, 15, '2025-12-30', '09:00:00', '17:00:00', '2025-12-14 05:14:32', '2025-12-14 05:14:32'),
(775, 15, '2025-12-31', '09:00:00', '17:00:00', '2025-12-14 05:14:32', '2025-12-14 05:14:32'),
(776, 15, '2026-01-01', '09:00:00', '17:00:00', '2025-12-14 05:14:41', '2025-12-14 05:14:41'),
(777, 15, '2026-01-02', '09:00:00', '17:00:00', '2025-12-14 05:14:41', '2025-12-14 05:14:41'),
(778, 15, '2026-01-03', '10:00:00', '18:00:00', '2025-12-14 05:14:41', '2025-12-14 05:14:41'),
(779, 15, '2026-01-04', '10:00:00', '18:00:00', '2025-12-14 05:14:41', '2025-12-14 05:14:41'),
(780, 15, '2026-01-05', '09:00:00', '17:00:00', '2025-12-14 05:14:41', '2025-12-14 05:14:41'),
(781, 15, '2026-01-06', '09:00:00', '17:00:00', '2025-12-14 05:14:41', '2025-12-14 05:14:41'),
(782, 15, '2026-01-07', '09:00:00', '17:00:00', '2025-12-14 05:14:41', '2025-12-14 05:14:41'),
(783, 15, '2026-01-08', '09:00:00', '17:00:00', '2025-12-14 05:14:41', '2025-12-14 05:14:41'),
(784, 15, '2026-01-09', '09:00:00', '17:00:00', '2025-12-14 05:14:41', '2025-12-14 05:14:41'),
(785, 15, '2026-01-10', '10:00:00', '18:00:00', '2025-12-14 05:14:41', '2025-12-14 05:14:41'),
(786, 15, '2026-01-11', '10:00:00', '18:00:00', '2025-12-14 05:14:41', '2025-12-14 05:14:41'),
(787, 15, '2026-01-12', '09:00:00', '17:00:00', '2025-12-14 05:14:41', '2025-12-14 05:14:41'),
(788, 15, '2026-01-13', '09:00:00', '17:00:00', '2025-12-14 05:14:41', '2025-12-14 05:14:41'),
(789, 15, '2026-01-14', '09:00:00', '17:00:00', '2025-12-14 05:14:41', '2025-12-14 05:14:41'),
(790, 15, '2026-01-15', '09:00:00', '17:00:00', '2025-12-14 05:14:41', '2025-12-14 05:14:41'),
(791, 15, '2026-01-16', '09:00:00', '17:00:00', '2025-12-14 05:14:41', '2025-12-14 05:14:41'),
(792, 15, '2026-01-17', '10:00:00', '18:00:00', '2025-12-14 05:14:41', '2025-12-14 05:14:41'),
(793, 15, '2026-01-18', '10:00:00', '18:00:00', '2025-12-14 05:14:41', '2025-12-14 05:14:41'),
(794, 15, '2026-01-19', '09:00:00', '17:00:00', '2025-12-14 05:14:41', '2025-12-14 05:14:41'),
(795, 15, '2026-01-20', '09:00:00', '17:00:00', '2025-12-14 05:14:41', '2025-12-14 05:14:41'),
(796, 15, '2026-01-21', '09:00:00', '17:00:00', '2025-12-14 05:14:41', '2025-12-14 05:14:41'),
(797, 15, '2026-01-22', '09:00:00', '17:00:00', '2025-12-14 05:14:41', '2025-12-14 05:14:41'),
(798, 15, '2026-01-23', '09:00:00', '17:00:00', '2025-12-14 05:14:41', '2025-12-14 05:14:41'),
(799, 15, '2026-01-24', '10:00:00', '18:00:00', '2025-12-14 05:14:41', '2025-12-14 05:14:41'),
(800, 15, '2026-01-25', '10:00:00', '18:00:00', '2025-12-14 05:14:41', '2025-12-14 05:14:41'),
(801, 15, '2026-01-26', '09:00:00', '17:00:00', '2025-12-14 05:14:41', '2025-12-14 05:14:41'),
(802, 15, '2026-01-27', '09:00:00', '17:00:00', '2025-12-14 05:14:41', '2025-12-14 05:14:41'),
(803, 15, '2026-01-28', '09:00:00', '17:00:00', '2025-12-14 05:14:41', '2025-12-14 05:14:41'),
(804, 15, '2026-01-29', '09:00:00', '17:00:00', '2025-12-14 05:14:41', '2025-12-14 05:14:41'),
(805, 15, '2026-01-30', '09:00:00', '17:00:00', '2025-12-14 05:14:41', '2025-12-14 05:14:41'),
(806, 15, '2026-01-31', '10:00:00', '18:00:00', '2025-12-14 05:14:41', '2025-12-14 05:14:41'),
(807, 16, '2025-12-01', '09:00:00', '17:00:00', '2025-12-14 05:14:59', '2025-12-14 05:14:59'),
(808, 16, '2025-12-02', '09:00:00', '17:00:00', '2025-12-14 05:14:59', '2025-12-14 05:14:59'),
(809, 16, '2025-12-03', '09:00:00', '17:00:00', '2025-12-14 05:14:59', '2025-12-14 05:14:59'),
(810, 16, '2025-12-04', '09:00:00', '17:00:00', '2025-12-14 05:14:59', '2025-12-14 05:14:59'),
(811, 16, '2025-12-05', '09:00:00', '17:00:00', '2025-12-14 05:14:59', '2025-12-14 05:14:59'),
(812, 16, '2025-12-06', '10:00:00', '18:00:00', '2025-12-14 05:14:59', '2025-12-14 05:14:59'),
(813, 16, '2025-12-07', '10:00:00', '18:00:00', '2025-12-14 05:14:59', '2025-12-14 05:14:59'),
(814, 16, '2025-12-08', '09:00:00', '17:00:00', '2025-12-14 05:14:59', '2025-12-14 05:14:59'),
(815, 16, '2025-12-09', '09:00:00', '17:00:00', '2025-12-14 05:14:59', '2025-12-14 05:14:59'),
(816, 16, '2025-12-10', '09:00:00', '17:00:00', '2025-12-14 05:14:59', '2025-12-14 05:14:59'),
(817, 16, '2025-12-11', '09:00:00', '17:00:00', '2025-12-14 05:14:59', '2025-12-14 05:14:59'),
(818, 16, '2025-12-12', '09:00:00', '17:00:00', '2025-12-14 05:14:59', '2025-12-14 05:14:59'),
(819, 16, '2025-12-13', '10:00:00', '18:00:00', '2025-12-14 05:14:59', '2025-12-14 05:14:59'),
(820, 16, '2025-12-14', '10:00:00', '18:00:00', '2025-12-14 05:14:59', '2025-12-14 05:14:59'),
(821, 16, '2025-12-15', '09:00:00', '17:00:00', '2025-12-14 05:14:59', '2025-12-14 05:14:59'),
(822, 16, '2025-12-16', '09:00:00', '17:00:00', '2025-12-14 05:14:59', '2025-12-14 05:14:59'),
(823, 16, '2025-12-17', '09:00:00', '17:00:00', '2025-12-14 05:14:59', '2025-12-14 05:14:59'),
(824, 16, '2025-12-18', '09:00:00', '17:00:00', '2025-12-14 05:14:59', '2025-12-14 05:14:59'),
(825, 16, '2025-12-19', '09:00:00', '17:00:00', '2025-12-14 05:14:59', '2025-12-14 05:14:59'),
(826, 16, '2025-12-20', '10:00:00', '18:00:00', '2025-12-14 05:14:59', '2025-12-14 05:14:59'),
(827, 16, '2025-12-21', '10:00:00', '18:00:00', '2025-12-14 05:14:59', '2025-12-14 05:14:59'),
(828, 16, '2025-12-22', '09:00:00', '17:00:00', '2025-12-14 05:14:59', '2025-12-14 05:14:59'),
(829, 16, '2025-12-23', '09:00:00', '17:00:00', '2025-12-14 05:14:59', '2025-12-14 05:14:59'),
(830, 16, '2025-12-24', '09:00:00', '17:00:00', '2025-12-14 05:14:59', '2025-12-14 05:14:59'),
(831, 16, '2025-12-25', '09:00:00', '17:00:00', '2025-12-14 05:14:59', '2025-12-14 05:14:59'),
(832, 16, '2025-12-26', '09:00:00', '17:00:00', '2025-12-14 05:14:59', '2025-12-14 05:14:59'),
(833, 16, '2025-12-27', '10:00:00', '18:00:00', '2025-12-14 05:14:59', '2025-12-14 05:14:59'),
(834, 16, '2025-12-28', '10:00:00', '18:00:00', '2025-12-14 05:14:59', '2025-12-14 05:14:59'),
(835, 16, '2025-12-29', '09:00:00', '17:00:00', '2025-12-14 05:14:59', '2025-12-14 05:14:59'),
(836, 16, '2025-12-30', '09:00:00', '17:00:00', '2025-12-14 05:14:59', '2025-12-14 05:14:59'),
(837, 16, '2025-12-31', '09:00:00', '17:00:00', '2025-12-14 05:14:59', '2025-12-14 05:14:59'),
(838, 16, '2026-01-01', '09:00:00', '17:00:00', '2025-12-14 05:15:10', '2025-12-14 05:15:10'),
(839, 16, '2026-01-02', '09:00:00', '17:00:00', '2025-12-14 05:15:10', '2025-12-14 05:15:10'),
(840, 16, '2026-01-03', '10:00:00', '18:00:00', '2025-12-14 05:15:10', '2025-12-14 05:15:10'),
(841, 16, '2026-01-04', '10:00:00', '18:00:00', '2025-12-14 05:15:10', '2025-12-14 05:15:10'),
(842, 16, '2026-01-05', '09:00:00', '17:00:00', '2025-12-14 05:15:10', '2025-12-14 05:15:10'),
(843, 16, '2026-01-06', '09:00:00', '17:00:00', '2025-12-14 05:15:10', '2025-12-14 05:15:10'),
(844, 16, '2026-01-07', '09:00:00', '17:00:00', '2025-12-14 05:15:10', '2025-12-14 05:15:10'),
(845, 16, '2026-01-08', '09:00:00', '17:00:00', '2025-12-14 05:15:10', '2025-12-14 05:15:10'),
(846, 16, '2026-01-09', '09:00:00', '17:00:00', '2025-12-14 05:15:10', '2025-12-14 05:15:10'),
(847, 16, '2026-01-10', '10:00:00', '18:00:00', '2025-12-14 05:15:10', '2025-12-14 05:15:10'),
(848, 16, '2026-01-11', '10:00:00', '18:00:00', '2025-12-14 05:15:10', '2025-12-14 05:15:10'),
(849, 16, '2026-01-12', '09:00:00', '17:00:00', '2025-12-14 05:15:10', '2025-12-14 05:15:10'),
(850, 16, '2026-01-13', '09:00:00', '17:00:00', '2025-12-14 05:15:10', '2025-12-14 05:15:10'),
(851, 16, '2026-01-14', '09:00:00', '17:00:00', '2025-12-14 05:15:10', '2025-12-14 05:15:10'),
(852, 16, '2026-01-15', '09:00:00', '17:00:00', '2025-12-14 05:15:10', '2025-12-14 05:15:10'),
(853, 16, '2026-01-16', '09:00:00', '17:00:00', '2025-12-14 05:15:10', '2025-12-14 05:15:10'),
(854, 16, '2026-01-17', '10:00:00', '18:00:00', '2025-12-14 05:15:10', '2025-12-14 05:15:10'),
(855, 16, '2026-01-18', '10:00:00', '18:00:00', '2025-12-14 05:15:10', '2025-12-14 05:15:10'),
(856, 16, '2026-01-19', '09:00:00', '17:00:00', '2025-12-14 05:15:10', '2025-12-14 05:15:10'),
(857, 16, '2026-01-20', '09:00:00', '17:00:00', '2025-12-14 05:15:10', '2025-12-14 05:15:10'),
(858, 16, '2026-01-21', '09:00:00', '17:00:00', '2025-12-14 05:15:10', '2025-12-14 05:15:10'),
(859, 16, '2026-01-22', '09:00:00', '17:00:00', '2025-12-14 05:15:10', '2025-12-14 05:15:10'),
(860, 16, '2026-01-23', '09:00:00', '17:00:00', '2025-12-14 05:15:10', '2025-12-14 05:15:10'),
(861, 16, '2026-01-24', '10:00:00', '18:00:00', '2025-12-14 05:15:10', '2025-12-14 05:15:10'),
(862, 16, '2026-01-25', '10:00:00', '18:00:00', '2025-12-14 05:15:10', '2025-12-14 05:15:10'),
(863, 16, '2026-01-26', '09:00:00', '17:00:00', '2025-12-14 05:15:10', '2025-12-14 05:15:10'),
(864, 16, '2026-01-27', '09:00:00', '17:00:00', '2025-12-14 05:15:10', '2025-12-14 05:15:10'),
(865, 16, '2026-01-28', '09:00:00', '17:00:00', '2025-12-14 05:15:10', '2025-12-14 05:15:10'),
(866, 16, '2026-01-29', '09:00:00', '17:00:00', '2025-12-14 05:15:10', '2025-12-14 05:15:10'),
(867, 16, '2026-01-30', '09:00:00', '17:00:00', '2025-12-14 05:15:10', '2025-12-14 05:15:10'),
(868, 16, '2026-01-31', '10:00:00', '18:00:00', '2025-12-14 05:15:10', '2025-12-14 05:15:10'),
(869, 1, '2025-12-01', '09:00:00', '17:00:00', '2025-12-14 17:13:28', '2025-12-14 17:13:28'),
(870, 1, '2025-12-02', '09:00:00', '17:00:00', '2025-12-14 17:13:28', '2025-12-14 17:13:28'),
(871, 1, '2025-12-03', '09:00:00', '17:00:00', '2025-12-14 17:13:28', '2025-12-14 17:13:28'),
(872, 1, '2025-12-04', '09:00:00', '17:00:00', '2025-12-14 17:13:28', '2025-12-14 17:13:28'),
(873, 1, '2025-12-05', '09:00:00', '17:00:00', '2025-12-14 17:13:28', '2025-12-14 17:13:28'),
(874, 1, '2025-12-06', '10:00:00', '18:00:00', '2025-12-14 17:13:28', '2025-12-14 17:13:28'),
(875, 1, '2025-12-07', '10:00:00', '18:00:00', '2025-12-14 17:13:28', '2025-12-14 17:13:28'),
(876, 1, '2025-12-08', '09:00:00', '17:00:00', '2025-12-14 17:13:28', '2025-12-14 17:13:28'),
(877, 1, '2025-12-09', '09:00:00', '17:00:00', '2025-12-14 17:13:28', '2025-12-14 17:13:28'),
(878, 1, '2025-12-10', '09:00:00', '17:00:00', '2025-12-14 17:13:28', '2025-12-14 17:13:28'),
(879, 1, '2025-12-11', '09:00:00', '17:00:00', '2025-12-14 17:13:28', '2025-12-14 17:13:28'),
(880, 1, '2025-12-12', '09:00:00', '17:00:00', '2025-12-14 17:13:28', '2025-12-14 17:13:28'),
(881, 1, '2025-12-13', '10:00:00', '18:00:00', '2025-12-14 17:13:28', '2025-12-14 17:13:28'),
(882, 1, '2025-12-14', '10:00:00', '18:00:00', '2025-12-14 17:13:28', '2025-12-14 17:13:28'),
(883, 1, '2025-12-15', '09:00:00', '17:00:00', '2025-12-14 17:13:28', '2025-12-14 17:13:28'),
(884, 1, '2025-12-16', '09:00:00', '17:00:00', '2025-12-14 17:13:28', '2025-12-14 17:13:28'),
(885, 1, '2025-12-17', '09:00:00', '17:00:00', '2025-12-14 17:13:28', '2025-12-14 17:13:28'),
(886, 1, '2025-12-18', '09:00:00', '17:00:00', '2025-12-14 17:13:28', '2025-12-14 17:13:28'),
(887, 1, '2025-12-19', '09:00:00', '17:00:00', '2025-12-14 17:13:28', '2025-12-14 17:13:28'),
(888, 1, '2025-12-20', '10:00:00', '18:00:00', '2025-12-14 17:13:28', '2025-12-14 17:13:28'),
(889, 1, '2025-12-21', '10:00:00', '18:00:00', '2025-12-14 17:13:28', '2025-12-14 17:13:28'),
(890, 1, '2025-12-22', '09:00:00', '17:00:00', '2025-12-14 17:13:28', '2025-12-14 17:13:28'),
(891, 1, '2025-12-23', '09:00:00', '17:00:00', '2025-12-14 17:13:28', '2025-12-14 17:13:28'),
(892, 1, '2025-12-24', '09:00:00', '17:00:00', '2025-12-14 17:13:28', '2025-12-14 17:13:28'),
(893, 1, '2025-12-25', '09:00:00', '17:00:00', '2025-12-14 17:13:28', '2025-12-14 17:13:28'),
(894, 1, '2025-12-26', '09:00:00', '17:00:00', '2025-12-14 17:13:28', '2025-12-14 17:13:28'),
(895, 1, '2025-12-27', '10:00:00', '18:00:00', '2025-12-14 17:13:28', '2025-12-14 17:13:28'),
(896, 1, '2025-12-28', '10:00:00', '18:00:00', '2025-12-14 17:13:28', '2025-12-14 17:13:28'),
(897, 1, '2025-12-29', '09:00:00', '17:00:00', '2025-12-14 17:13:28', '2025-12-14 17:13:28'),
(898, 1, '2025-12-30', '09:00:00', '17:00:00', '2025-12-14 17:13:28', '2025-12-14 17:13:28'),
(899, 1, '2025-12-31', '09:00:00', '17:00:00', '2025-12-14 17:13:28', '2025-12-14 17:13:28'),
(900, 1, '2026-02-01', '10:00:00', '18:00:00', '2025-12-14 17:13:37', '2025-12-14 17:13:37'),
(901, 1, '2026-02-02', '09:00:00', '17:00:00', '2025-12-14 17:13:37', '2025-12-14 17:13:37'),
(902, 1, '2026-02-03', '09:00:00', '17:00:00', '2025-12-14 17:13:37', '2025-12-14 17:13:37'),
(903, 1, '2026-02-04', '09:00:00', '17:00:00', '2025-12-14 17:13:37', '2025-12-14 17:13:37'),
(904, 1, '2026-02-05', '09:00:00', '17:00:00', '2025-12-14 17:13:37', '2025-12-14 17:13:37'),
(905, 1, '2026-02-06', '09:00:00', '17:00:00', '2025-12-14 17:13:37', '2025-12-14 17:13:37'),
(906, 1, '2026-02-07', '10:00:00', '18:00:00', '2025-12-14 17:13:37', '2025-12-14 17:13:37'),
(907, 1, '2026-02-08', '10:00:00', '18:00:00', '2025-12-14 17:13:37', '2025-12-14 17:13:37'),
(908, 1, '2026-02-09', '09:00:00', '17:00:00', '2025-12-14 17:13:37', '2025-12-14 17:13:37'),
(909, 1, '2026-02-10', '09:00:00', '17:00:00', '2025-12-14 17:13:37', '2025-12-14 17:13:37'),
(910, 1, '2026-02-11', '09:00:00', '17:00:00', '2025-12-14 17:13:37', '2025-12-14 17:13:37'),
(911, 1, '2026-02-12', '09:00:00', '17:00:00', '2025-12-14 17:13:37', '2025-12-14 17:13:37'),
(912, 1, '2026-02-13', '09:00:00', '17:00:00', '2025-12-14 17:13:37', '2025-12-14 17:13:37'),
(913, 1, '2026-02-14', '10:00:00', '18:00:00', '2025-12-14 17:13:37', '2025-12-14 17:13:37'),
(914, 1, '2026-02-15', '10:00:00', '18:00:00', '2025-12-14 17:13:37', '2025-12-14 17:13:37'),
(915, 1, '2026-02-16', '09:00:00', '17:00:00', '2025-12-14 17:13:37', '2025-12-14 17:13:37'),
(916, 1, '2026-02-17', '09:00:00', '17:00:00', '2025-12-14 17:13:37', '2025-12-14 17:13:37'),
(917, 1, '2026-02-18', '09:00:00', '17:00:00', '2025-12-14 17:13:37', '2025-12-14 17:13:37'),
(918, 1, '2026-02-19', '09:00:00', '17:00:00', '2025-12-14 17:13:37', '2025-12-14 17:13:37'),
(919, 1, '2026-02-20', '09:00:00', '17:00:00', '2025-12-14 17:13:37', '2025-12-14 17:13:37'),
(920, 1, '2026-02-21', '10:00:00', '18:00:00', '2025-12-14 17:13:37', '2025-12-14 17:13:37'),
(921, 1, '2026-02-22', '10:00:00', '18:00:00', '2025-12-14 17:13:37', '2025-12-14 17:13:37'),
(922, 1, '2026-02-23', '09:00:00', '17:00:00', '2025-12-14 17:13:37', '2025-12-14 17:13:37'),
(923, 1, '2026-02-24', '09:00:00', '17:00:00', '2025-12-14 17:13:37', '2025-12-14 17:13:37'),
(924, 1, '2026-02-25', '09:00:00', '17:00:00', '2025-12-14 17:13:37', '2025-12-14 17:13:37'),
(925, 1, '2026-02-26', '09:00:00', '17:00:00', '2025-12-14 17:13:37', '2025-12-14 17:13:37'),
(926, 1, '2026-02-27', '09:00:00', '17:00:00', '2025-12-14 17:13:37', '2025-12-14 17:13:37'),
(927, 1, '2026-02-28', '10:00:00', '18:00:00', '2025-12-14 17:13:37', '2025-12-14 17:13:37'),
(928, 1, '2026-03-01', '10:00:00', '18:00:00', '2025-12-14 17:13:50', '2025-12-14 17:13:50'),
(929, 1, '2026-03-02', '09:00:00', '17:00:00', '2025-12-14 17:13:50', '2025-12-14 17:13:50'),
(930, 1, '2026-03-03', '09:00:00', '17:00:00', '2025-12-14 17:13:50', '2025-12-14 17:13:50'),
(931, 1, '2026-03-04', '09:00:00', '17:00:00', '2025-12-14 17:13:50', '2025-12-14 17:13:50'),
(932, 1, '2026-03-05', '09:00:00', '17:00:00', '2025-12-14 17:13:50', '2025-12-14 17:13:50'),
(933, 1, '2026-03-06', '09:00:00', '17:00:00', '2025-12-14 17:13:50', '2025-12-14 17:13:50'),
(934, 1, '2026-03-07', '10:00:00', '18:00:00', '2025-12-14 17:13:50', '2025-12-14 17:13:50'),
(935, 1, '2026-03-08', '10:00:00', '18:00:00', '2025-12-14 17:13:50', '2025-12-14 17:13:50'),
(936, 1, '2026-03-09', '09:00:00', '17:00:00', '2025-12-14 17:13:50', '2025-12-14 17:13:50'),
(937, 1, '2026-03-10', '09:00:00', '17:00:00', '2025-12-14 17:13:50', '2025-12-14 17:13:50'),
(938, 1, '2026-03-11', '09:00:00', '17:00:00', '2025-12-14 17:13:50', '2025-12-14 17:13:50'),
(939, 1, '2026-03-12', '09:00:00', '17:00:00', '2025-12-14 17:13:50', '2025-12-14 17:13:50'),
(940, 1, '2026-03-13', '09:00:00', '17:00:00', '2025-12-14 17:13:50', '2025-12-14 17:13:50'),
(941, 1, '2026-03-14', '10:00:00', '18:00:00', '2025-12-14 17:13:50', '2025-12-14 17:13:50'),
(942, 1, '2026-03-15', '10:00:00', '18:00:00', '2025-12-14 17:13:50', '2025-12-14 17:13:50'),
(943, 1, '2026-03-16', '09:00:00', '17:00:00', '2025-12-14 17:13:50', '2025-12-14 17:13:50'),
(944, 1, '2026-03-17', '09:00:00', '17:00:00', '2025-12-14 17:13:50', '2025-12-14 17:13:50'),
(945, 1, '2026-03-18', '09:00:00', '17:00:00', '2025-12-14 17:13:50', '2025-12-14 17:13:50'),
(946, 1, '2026-03-19', '09:00:00', '17:00:00', '2025-12-14 17:13:50', '2025-12-14 17:13:50'),
(947, 1, '2026-03-20', '09:00:00', '17:00:00', '2025-12-14 17:13:50', '2025-12-14 17:13:50'),
(948, 1, '2026-03-21', '10:00:00', '18:00:00', '2025-12-14 17:13:50', '2025-12-14 17:13:50'),
(949, 1, '2026-03-22', '10:00:00', '18:00:00', '2025-12-14 17:13:50', '2025-12-14 17:13:50'),
(950, 1, '2026-03-23', '09:00:00', '17:00:00', '2025-12-14 17:13:50', '2025-12-14 17:13:50'),
(951, 1, '2026-03-24', '09:00:00', '17:00:00', '2025-12-14 17:13:50', '2025-12-14 17:13:50'),
(952, 1, '2026-03-25', '09:00:00', '17:00:00', '2025-12-14 17:13:50', '2025-12-14 17:13:50'),
(953, 1, '2026-03-26', '09:00:00', '17:00:00', '2025-12-14 17:13:50', '2025-12-14 17:13:50'),
(954, 1, '2026-03-27', '09:00:00', '17:00:00', '2025-12-14 17:13:50', '2025-12-14 17:13:50'),
(955, 1, '2026-03-28', '10:00:00', '18:00:00', '2025-12-14 17:13:50', '2025-12-14 17:13:50'),
(956, 1, '2026-03-29', '10:00:00', '18:00:00', '2025-12-14 17:13:50', '2025-12-14 17:13:50'),
(957, 1, '2026-03-30', '09:00:00', '17:00:00', '2025-12-14 17:13:50', '2025-12-14 17:13:50'),
(958, 1, '2026-03-31', '09:00:00', '17:00:00', '2025-12-14 17:13:50', '2025-12-14 17:13:50');

-- --------------------------------------------------------

--
-- テーブルの構造 `users`
--

CREATE TABLE `users` (
  `id` bigint(20) UNSIGNED NOT NULL,
  `name` varchar(255) NOT NULL,
  `email` varchar(255) NOT NULL,
  `email_verified_at` timestamp NULL DEFAULT NULL,
  `password` varchar(255) NOT NULL,
  `remember_token` varchar(100) DEFAULT NULL,
  `created_at` timestamp NULL DEFAULT NULL,
  `updated_at` timestamp NULL DEFAULT NULL,
  `role` varchar(255) NOT NULL DEFAULT 'user',
  `company_id` varchar(255) DEFAULT NULL,
  `hourly_wage` int(11) NOT NULL DEFAULT 1000
) ENGINE=InnoDB DEFAULT CHARSET=utf8mb4 COLLATE=utf8mb4_unicode_ci;

--
-- テーブルのデータのダンプ `users`
--

INSERT INTO `users` (`id`, `name`, `email`, `email_verified_at`, `password`, `remember_token`, `created_at`, `updated_at`, `role`, `company_id`, `hourly_wage`) VALUES
(1, '奥田大智', 'user@test', NULL, '$2y$12$buwHIoBEjMa0reMFKOIueeLyIfWHHujGSJBQF8YUObG.ZRzaYgpQu', NULL, '2025-12-13 22:13:59', '2025-12-14 06:40:20', 'user', 'QI0K72BG', 1200),
(2, 'プロジェクト演習3管理者', 'kanri@test', NULL, '$2y$12$XkgReWvv2sFzcmAq8ja94.wkdNKSJ0h3icthzNnc7dNno5LvMbLYi', NULL, '2025-12-14 04:51:01', '2025-12-14 04:51:01', 'admin', 'QI0K72BG', 1000),
(3, '四方誠人', 'user2@test', NULL, '$2y$12$FnZgsWIV.RqDLhPokqqHreUQx8CURZLj8jkqdGpm/WF0cmHWMHLUy', NULL, '2025-12-14 04:51:46', '2025-12-14 06:40:30', 'user', 'QI0K72BG', 1035),
(4, '櫻井蓮', 'user3@test', NULL, '$2y$12$GHFr9QhFIq9Vv4oCJTFVSu/M2ge7discWe18ycXdZKmwHKhzYLMMu', NULL, '2025-12-14 04:52:38', '2025-12-14 06:40:45', 'user', 'QI0K72BG', 2000),
(5, '今堀創太', 'user4@test', NULL, '$2y$12$Hmgv5lHcIE4nzlWBCjvt5eoZEyGe6leDRwQE/1NgShUz9IiCjCW1m', NULL, '2025-12-14 04:53:13', '2025-12-14 06:40:56', 'user', 'QI0K72BG', 1100),
(6, 'テストA', 'user5@test', NULL, '$2y$12$hEDoiJz/XnZYYJvkKyDereXTcEWLZ.H69rdn499BIUUR5u8dKyeeS', NULL, '2025-12-14 04:53:48', '2025-12-14 05:01:34', 'user', 'QI0K72BG', 1000),
(7, 'テストB', 'user6@test', NULL, '$2y$12$q4uDNz7AEH2K2cejwNh7WekCgLdpXdi/Vk1MlDLvpoJRcAs62s61G', NULL, '2025-12-14 04:54:28', '2025-12-14 05:01:40', 'user', 'QI0K72BG', 1000),
(8, 'テストC', 'user7@test', NULL, '$2y$12$BGvU/HYxEYO9jY81rW9Ace22kk2UTRo.ZZo9CtlWizobiTQlCf6km', NULL, '2025-12-14 04:54:51', '2025-12-14 05:01:45', 'user', 'QI0K72BG', 1000),
(9, 'テストD', 'user8@test', NULL, '$2y$12$J464vQF9.RmzrK/yebb4jOcfAmKgx3KL5FYZkAN2AZ3qKgIYUBmK2', NULL, '2025-12-14 04:55:24', '2025-12-14 05:01:53', 'user', 'QI0K72BG', 1000),
(10, 'テストE', 'user9@test', NULL, '$2y$12$sRQg4tZjM9dNj2PB3iY7O.tPjzplS4izgLWdRCyxPnUOY8e68yBrq', NULL, '2025-12-14 04:57:18', '2025-12-14 05:01:57', 'user', 'QI0K72BG', 1000),
(11, 'テストF', 'user10@test', NULL, '$2y$12$m69/hvYcjgNcttzE8/yn1OifFAaJyecbSJtme3bzkOv5UzWilhv06', NULL, '2025-12-14 04:57:39', '2025-12-14 05:02:02', 'user', 'QI0K72BG', 1000),
(12, 'テストG', 'user11@test', NULL, '$2y$12$9f.1PkmXffdi.YPY1JeqJe8hsvv8Tl2uSQdMAom159bkL3KFBOGg.', NULL, '2025-12-14 04:58:05', '2025-12-14 05:02:08', 'user', 'QI0K72BG', 1000),
(13, 'テストH', 'user12@test', NULL, '$2y$12$Cw4VOnxBSZTiYWINP34wpOuyc.u1TsTLYpP5v80yqNJGbwil9rjtO', NULL, '2025-12-14 04:58:31', '2025-12-14 05:02:14', 'user', 'QI0K72BG', 1000),
(14, 'テストI', 'user13@test', NULL, '$2y$12$ux1iDlFmWZU6WYV3wVJSyO4khPjYIBSf2DR2pH6xsyBzNOuggvAvK', NULL, '2025-12-14 04:59:00', '2025-12-14 05:02:20', 'user', 'QI0K72BG', 1000),
(15, 'テストJ', 'user14@test', NULL, '$2y$12$1sQgrHdnxK4pjMIivHsKWuwlGKCAaMIjEeblAw5PGhO.EZxRLzpH6', NULL, '2025-12-14 04:59:34', '2025-12-14 05:02:27', 'user', 'QI0K72BG', 1000),
(16, 'テストK', 'user15@test', NULL, '$2y$12$HDK5DB/Xd/g585l1K9zgFedz9ZsPGGJwP9aUHOXlbiYJLxXs7RHxy', NULL, '2025-12-14 05:00:11', '2025-12-14 05:02:33', 'user', 'QI0K72BG', 1000);

--
-- ダンプしたテーブルのインデックス
--

--
-- テーブルのインデックス `cache`
--
ALTER TABLE `cache`
  ADD PRIMARY KEY (`key`);

--
-- テーブルのインデックス `cache_locks`
--
ALTER TABLE `cache_locks`
  ADD PRIMARY KEY (`key`);

--
-- テーブルのインデックス `chats`
--
ALTER TABLE `chats`
  ADD PRIMARY KEY (`id`),
  ADD KEY `chats_user_id_foreign` (`user_id`);

--
-- テーブルのインデックス `companies`
--
ALTER TABLE `companies`
  ADD PRIMARY KEY (`id`);

--
-- テーブルのインデックス `company_join_requests`
--
ALTER TABLE `company_join_requests`
  ADD PRIMARY KEY (`id`),
  ADD KEY `company_join_requests_user_id_foreign` (`user_id`);

--
-- テーブルのインデックス `failed_jobs`
--
ALTER TABLE `failed_jobs`
  ADD PRIMARY KEY (`id`),
  ADD UNIQUE KEY `failed_jobs_uuid_unique` (`uuid`);

--
-- テーブルのインデックス `fixed_shifts`
--
ALTER TABLE `fixed_shifts`
  ADD PRIMARY KEY (`id`),
  ADD KEY `fixed_shifts_user_id_foreign` (`user_id`);

--
-- テーブルのインデックス `jobs`
--
ALTER TABLE `jobs`
  ADD PRIMARY KEY (`id`),
  ADD KEY `jobs_queue_index` (`queue`);

--
-- テーブルのインデックス `job_batches`
--
ALTER TABLE `job_batches`
  ADD PRIMARY KEY (`id`);

--
-- テーブルのインデックス `migrations`
--
ALTER TABLE `migrations`
  ADD PRIMARY KEY (`id`);

--
-- テーブルのインデックス `password_reset_tokens`
--
ALTER TABLE `password_reset_tokens`
  ADD PRIMARY KEY (`email`);

--
-- テーブルのインデックス `sessions`
--
ALTER TABLE `sessions`
  ADD PRIMARY KEY (`id`),
  ADD KEY `sessions_user_id_index` (`user_id`),
  ADD KEY `sessions_last_activity_index` (`last_activity`);

--
-- テーブルのインデックス `shifts`
--
ALTER TABLE `shifts`
  ADD PRIMARY KEY (`id`),
  ADD KEY `shifts_user_id_foreign` (`user_id`);

--
-- テーブルのインデックス `users`
--
ALTER TABLE `users`
  ADD PRIMARY KEY (`id`),
  ADD UNIQUE KEY `users_email_unique` (`email`);

--
-- ダンプしたテーブルの AUTO_INCREMENT
--

--
-- テーブルの AUTO_INCREMENT `chats`
--
ALTER TABLE `chats`
  MODIFY `id` bigint(20) UNSIGNED NOT NULL AUTO_INCREMENT, AUTO_INCREMENT=4;

--
-- テーブルの AUTO_INCREMENT `companies`
--
ALTER TABLE `companies`
  MODIFY `id` bigint(20) UNSIGNED NOT NULL AUTO_INCREMENT;

--
-- テーブルの AUTO_INCREMENT `company_join_requests`
--
ALTER TABLE `company_join_requests`
  MODIFY `id` bigint(20) UNSIGNED NOT NULL AUTO_INCREMENT;

--
-- テーブルの AUTO_INCREMENT `failed_jobs`
--
ALTER TABLE `failed_jobs`
  MODIFY `id` bigint(20) UNSIGNED NOT NULL AUTO_INCREMENT;

--
-- テーブルの AUTO_INCREMENT `fixed_shifts`
--
ALTER TABLE `fixed_shifts`
  MODIFY `id` bigint(20) UNSIGNED NOT NULL AUTO_INCREMENT, AUTO_INCREMENT=284;

--
-- テーブルの AUTO_INCREMENT `jobs`
--
ALTER TABLE `jobs`
  MODIFY `id` bigint(20) UNSIGNED NOT NULL AUTO_INCREMENT;

--
-- テーブルの AUTO_INCREMENT `migrations`
--
ALTER TABLE `migrations`
  MODIFY `id` int(10) UNSIGNED NOT NULL AUTO_INCREMENT, AUTO_INCREMENT=13;

--
-- テーブルの AUTO_INCREMENT `shifts`
--
ALTER TABLE `shifts`
  MODIFY `id` bigint(20) UNSIGNED NOT NULL AUTO_INCREMENT, AUTO_INCREMENT=959;

--
-- テーブルの AUTO_INCREMENT `users`
--
ALTER TABLE `users`
  MODIFY `id` bigint(20) UNSIGNED NOT NULL AUTO_INCREMENT, AUTO_INCREMENT=17;

--
-- ダンプしたテーブルの制約
--

--
-- テーブルの制約 `chats`
--
ALTER TABLE `chats`
  ADD CONSTRAINT `chats_user_id_foreign` FOREIGN KEY (`user_id`) REFERENCES `users` (`id`) ON DELETE CASCADE;

--
-- テーブルの制約 `company_join_requests`
--
ALTER TABLE `company_join_requests`
  ADD CONSTRAINT `company_join_requests_user_id_foreign` FOREIGN KEY (`user_id`) REFERENCES `users` (`id`) ON DELETE CASCADE;

--
-- テーブルの制約 `fixed_shifts`
--
ALTER TABLE `fixed_shifts`
  ADD CONSTRAINT `fixed_shifts_user_id_foreign` FOREIGN KEY (`user_id`) REFERENCES `users` (`id`) ON DELETE CASCADE;

--
-- テーブルの制約 `shifts`
--
ALTER TABLE `shifts`
  ADD CONSTRAINT `shifts_user_id_foreign` FOREIGN KEY (`user_id`) REFERENCES `users` (`id`) ON DELETE CASCADE;
COMMIT;

/*!40101 SET CHARACTER_SET_CLIENT=@OLD_CHARACTER_SET_CLIENT */;
/*!40101 SET CHARACTER_SET_RESULTS=@OLD_CHARACTER_SET_RESULTS */;
/*!40101 SET COLLATION_CONNECTION=@OLD_COLLATION_CONNECTION */;
